DC inverter;APP Changing point;Opis;index;modbus address;Count;FN;R/W;Data type;ValMin;ValMax;Skala;Odczytana;Wartosc;Jedn;Topic;Uwagi;remark;;;;;;;;;;;;;
;;;;;;;;;;;;;;;;;;;;;;;;;;;;;;
Project paramters;Enable chassis/crack heater;Enable chassis/crack heater;1;2;1;;;BOOL;;;;;;;;;;;;;;;;;;;;;;
Project paramters;Auto Start;Auto Start;2;3;1;;;BOOL;;;;;;;;;;;;;;;;;;;;;;
Project paramters;Manual insert BLDC parameter;Manual insert BLDC parameter;13;14;1;;;BOOL;;;;;;;;0：No 1：yes;无此变量;;;;;;;;;;;;;
Project paramters;Network EN;Network EN;34;35;1;;;BOOL;;;;;;;;;;;;;;;;;;;;;;
Project paramters;Network Settings;Network Settings;35;36;1;;;BOOL;;;;;;;;"0:Slave;1:Master;";"0:从机;1:主机;";;;;;;;;;;;;;
Defrost parameter;Defrost EN;Defrost EN;36;37;1;;;BOOL;;;;;;;;;;;;;;;;;;;;;;
Timing;Timezone onoff;Plan Tygodniowy;38;39;1;;;BOOL;;;;;;;;;;;;;;;;;;;;;;
Timing;Timezone setpoint;Plan Godzinowy;39;40;1;;;BOOL;;;;;;;;;;;;;;;;;;;;;;
Main interface;Unit on/off;Wł/Wył Odczyt;40;41;1;;R;BOOL;;;;;;;;0：Wył 1：Wł;0：关 1：开;;;;;;;;;;;;;
Error history;Alarm reset;Reset alarmu;41;42;1;;W;BOOL;;;;;;;;;;;;;;;;;;;;;;
Project paramters;Unit mode;Tryb CWU;42;43;1;;;BOOL;;;;;;;;0：Włączony 1：Wyłączony;0~1;;;;;;;;;;;;;
Timing;;;43;44;1;;;BOOL;;;;;;;;;;;;;;;;;;;;;;
Project paramters;Pump Auto;Pump Auto;47;48;1;;;BOOL;;;;;;;;0：Disable 1：Enable;0：Disable 1：Enable;;;;;;;;;;;;;
Project paramters;Enable_AmbTemp_Switch;Enable_AmbTemp_Switch;52;53;1;;;BOOL;;;;;;;;0：Disable 1：Enable;0：Disable 1：Enable;;;;;;;;;;;;;
Project paramters;Restore PCB default;Restore PCB default;57;58;1;;;BOOL;;;;;;;;0：No 1：yes;;;;;;;;;;;;;;
;;;;;;;;;;;;;;;;;;;;;;;;;;;;;;
Main interface;On/Off status;Wł/Wył;0;10001;1;;RW;BOOL;;;;;;;;;;;;;;;;;;;;;;
Inquiry interface;ID1: Flow switch;Czujnik Przepływu (stan);1;10002;1;;R;BOOL;0;1;;;;;;;;;;;;;;;;;;;;
Inquiry interface;ID2: Linkage switch;WE Sterowania Zewn;2;10003;1;;R;BOOL;;;;;;;;;;;;;;;;;;;;;;
Inquiry interface;ID3: A/C Linkage switch;WE Sterowania AC;3;10004;1;;R;BOOL;;;;;;;;;;;;;;;;;;;;;;
Inquiry interface;ID5: Phase, switch;WE Faza Zasilania;4;10005;1;;R;BOOL;;;;;;;;;;;;;;;;;;;;;;
Inquiry interface;D01: Fan high speed;WY Wysoka Prędkość Wentylatora;5;10006;1;;;BOOL;;;;;;;;;;;;;;;;;;;;;;
Inquiry interface;D02: Fan low speed;WY Niska Prędkość Wentylatora;6;10007;1;;;BOOL;;;;;;;;;;;;;;;;;;;;;;
Inquiry interface;D03: 4 way valve;WY Zawór 4 Drogowy;7;10008;1;;;BOOL;;;;;;;;;;;;;;;;;;;;;;
Inquiry interface;D04: Pump;WY Pompa Obiegowa;8;10009;1;;;BOOL;;;;;;;;;;;;;;;;;;;;;;
Inquiry interface;D05: Chassis heater;WY: Grzałka Obudowy;9;10010;1;;;BOOL;;;;;;;;;;;;;;;;;;;;;;
Inquiry interface;D06: Crank heater;WY: Grzałka Spręzarki;10;10011;1;;;BOOL;;;;;;;;;;;;;;;;;;;;;;
Inquiry interface;D07: Three valve;WY: Zawór Trójdrogowy;11;10012;1;;;BOOL;;;;;;;;;;;;;;;;;;;;;;
Inquiry interface;D09: Heater;WY: Grzałka;12;10013;1;;;BOOL;;;;;;;;;;;;;;;;;;;;;;
Error history;AL001 Too many mem writings;AL001 Pamiec alarm zapelniona;13;10014;1;;;BOOL;;;;;;;;;存贮类型变量频繁写频繁;;;;;;;;;;;;;
Error history;AL002 Retain mem write error;AL002 Blad zapisu pamieci;14;10015;1;;;BOOL;;;;;;;;;存贮变量写错误报警频繁;;;;;;;;;;;;;
Error history;AL003 Inlet probe error;AL003 Czujnik Temp. Powrotu;15;10016;1;;;BOOL;;;;;;;;;进水温度探头故障或离线;;;;;;;;;;;;;
Error history;AL004 Outlet probe error;AL004 Czujnik Temp. Zasilania;16;10017;1;;;BOOL;;;;;;;;;出水温度探头故障或离线;;;;;;;;;;;;;
Error history;AL005 Ambient probe error;AL005 Czujnik Temp. Zewn.;17;10018;1;;;BOOL;;;;;;;;;环境温度探头故障或离线;;;;;;;;;;;;;
Error history;AL006 Condenser coil temp;AL006 Temperatura skraplacza;18;10019;1;;;BOOL;;;;;;;;;冷凝盘管温度探头故障或离线;;;;;;;;;;;;;
Error history;AL007 Water flow switch;AL007 Czujnik przeplywu wody;19;10020;1;;;BOOL;;;;;;;;;水流开关报警;;;;;;;;;;;;;
Error history;AL008 Phase sequ,prot,alarm;AL008 Alarm czujnika faz;20;10021;1;;;BOOL;;;;;;;;;相序保护开关报警;;;;;;;;;;;;;
Error history;AL009 Unit work hour warning;AL009 Ostrzez. Godz. jednostki;21;10022;1;;;BOOL;;;;;;;;;机组工作时间警告;;;;;;;;;;;;;
Error history;AL010 Pump work hour warning;AL010 Ostrzez. godz. pompy ob..;22;10023;1;;;BOOL;;;;;;;;;水泵工作时间警告;;;;;;;;;;;;;
Error history;AL011 Comp,work hour warning;AL011 Ostrzez. godz. sprezarki;23;10024;1;;;BOOL;;;;;;;;;压缩机工作时间警告;;;;;;;;;;;;;
Error history;AL012 Cond,fan work hourWarn;AL012 Ostrzez. godz wentylat.;24;10025;1;;;BOOL;;;;;;;;;冷凝风机工作时间;;;;;;;;;;;;;
Error history;AL013 Low superheat - Vlv,A;AL013 Niskie przegrz. - Zaw.A;25;10026;1;;;BOOL;;;;;;;;;EEV阀A低过热度报警;;;;;;;;;;;;;
Error history;AL014 Low superheat - Vlv,B;AL014 Niskie przegrz. - Zaw.B;26;10027;1;;;BOOL;;;;;;;;;EEV阀B低过热度报警;;;;;;;;;;;;;
Error history;AL015 LOP - Vlv,A;AL015 LOP - Vlv.A;27;10028;1;;;BOOL;;;;;;;;;EEV阀A LOP报警;;;;;;;;;;;;;
Error history;AL016 LOP - Vlv,B;AL016 LOP - Vlv.B;28;10029;1;;;BOOL;;;;;;;;;EEV阀B LOP报警;;;;;;;;;;;;;
Error history;AL017 MOP - Vlv,A;AL017 MOP - Vlv.A;29;10030;1;;;BOOL;;;;;;;;;EEV阀A MOP报警;;;;;;;;;;;;;
Error history;AL018 MOP - Vlv,B;AL018 MOP - Vlv.B;30;10031;1;;;BOOL;;;;;;;;;EEV阀B MOP报警;;;;;;;;;;;;;
Error history;AL019 Motor error - Vlv,A;AL019 Blad naped. Zaw.A;31;10032;1;;;BOOL;;;;;;;;;EEV阀A 报警;;;;;;;;;;;;;
Error history;AL020 Motor error - Vlv,B;AL020 Blad naped. Zaw.B;32;10033;1;;;BOOL;;;;;;;;;EEV阀B 报警;;;;;;;;;;;;;
Error history;AL021 Low suct,temp, - Vlv,A;AL021 Niska temp. ssan. Zaw.A;33;10034;1;;;BOOL;;;;;;;;;EEV阀A低吸气温度报警;;;;;;;;;;;;;
Error history;AL022 Low suct,temp, - Vlv,B;AL022 Niska temp.ssan. Zaw.B;34;10035;1;;;BOOL;;;;;;;;;EEV阀B低吸气温度报警;;;;;;;;;;;;;
Error history;AL023 High condens,temp,EVD;AL023 Wys.Temp Skrapl;35;10036;1;;;BOOL;;;;;;;;;EEV高冷凝温度报警;;;;;;;;;;;;;
Error history;AL024 Probe S1 error EVD;AL024 Blad sondy S1;36;10037;1;;;BOOL;;;;;;;;;EEV S1 探头报警;;;;;;;;;;;;;
Error history;AL025 Probe S2 error EVD;AL025 Blad sondy S2;37;10038;1;;;BOOL;;;;;;;;;EEV S2 探头报警;;;;;;;;;;;;;
Error history;AL026 Probe S3 error EVD;AL026 Blad sondy S3;38;10039;1;;;BOOL;;;;;;;;;EEV S3 探头报警;;;;;;;;;;;;;
Error history;AL027 Probe S4 error EVD;AL027 Blad sondy S4;39;10040;1;;;BOOL;;;;;;;;;EEV S4 探头报警;;;;;;;;;;;;;
Error history;AL028 Battery discharge EVD;AL028 Rozladow. Akumulat.;40;10041;1;;;BOOL;;;;;;;;;EEV 电池故障;;;;;;;;;;;;;
Error history;AL029 EEPROM alarm EVD;AL029 EEPROM Alarm;41;10042;1;;;BOOL;;;;;;;;;EEV EEPROM 报警;;;;;;;;;;;;;
Error history;AL030 Incomplete closing EVD;AL030 Niepelne zamkniecie EVD;42;10043;1;;;BOOL;;;;;;;;;EEV未完全关闭报警;;;;;;;;;;;;;
Error history;AL031 Emergency closing EVD;AL031 Awaryjne zakniecie EVD;43;10044;1;;;BOOL;;;;;;;;;EEV紧急关闭报警;;;;;;;;;;;;;
Error history;AL032 FW not compatible EVD;AL032 FW not compatible EVD;44;10045;1;;;BOOL;;;;;;;;;EEV FW版本不匹配;;;;;;;;;;;;;
Error history;AL033 Config, error EVD;AL033 Config. error EVD;45;10046;1;;;BOOL;;;;;;;;;EEV 配置错误;;;;;;;;;;;;;
Error history;AL034 EVD Driver offline;AL034 EVD Driver offline;46;10047;1;;;BOOL;;;;;;;;;EEV 离线报警;;;;;;;;;;;;;
Error history;AL035 BLDC-alarm:High startup DeltaP;AL035 BLDC-alarm:Za wys. Rozn.Cisn.;47;10048;1;;;BOOL;;;;;;;;;BLDC-启动压差过高;;;;;;;;;;;;;
Error history;AL036 BLDC-alarm:Compressor shut off;AL036 BLDC-alarm:Wyl sprezarka;48;10049;1;;;BOOL;;;;;;;;;BLDC-压缩机关闭;;;;;;;;;;;;;
Error history;AL037 BLDC-alarm:Out of Envelope;AL037 BLCD Alarm: Blad transmisji;49;10050;1;;;BOOL;;;;;;;;;BLDC-超出运行区间;;;;;;;;;;;;;
Error history;AL038 BLDC-alarm:Starting fail wait;AL038 BLCD Alarm: Nieudane uruchomienie;50;10051;1;;;BOOL;;;;;;;;;BLDC-压缩机启动失败;;;;;;;;;;;;;
Error history;AL039 BLDC-alarm:Starting fail exceeded;AL039 BLCD Alarm: Blad uruchamiania;51;10052;1;;;BOOL;;;;;;;;;BLDC-压缩机启动失败;;;;;;;;;;;;;
Error history;AL040 BLDC-alarm:Low delta pressure;AL040 BLCD Alarm: Niska roznica cisnien;52;10053;1;;;BOOL;;;;;;;;;BLDC-低压差;;;;;;;;;;;;;
Error history;AL041 BLDC-alarm:High discarge gas temp;AL041 BLCD Alarm: Za wysoka temp czynnika;53;10054;1;;;BOOL;;;;;;;;;BLDC-高排气温度;;;;;;;;;;;;;
Error history;AL042 Envelope-alarm:High compressor ratio;AL042 Ramka: Za wysoka wydajnosc sprezarki;54;10055;1;;;BOOL;;;;;;;;;Envelope-高压比;;;;;;;;;;;;;
Error history;AL043 Envelope-alarm:High discharge press,;AL043 Ramka: Za wysokie cisnienie sprezania;55;10056;1;;;BOOL;;;;;;;;;Envelope-高排气压力;;;;;;;;;;;;;
Error history;AL044 Envelope-alarm:High current;AL044 Ramka: Za wysoki prad;56;10057;1;;;BOOL;;;;;;;;;Envelope-高电流;;;;;;;;;;;;;
Error history;AL045 Envelope-alarm:High suction pressure;AL045 Ramka: Za wysokie cisnienie ssania;57;10058;1;;;BOOL;;;;;;;;;Envelope-高吸气压力;;;;;;;;;;;;;
Error history;AL046 Envelope-alarm:Low compressor ratio;AL046 Ramka: Za niska wydajnosc sprezarki;58;10059;1;;;BOOL;;;;;;;;;Envelope-低压比;;;;;;;;;;;;;
Error history;AL047 Envelope-alarm:Low pressure diff,;AL047 Ramka: Za niska roznica cisnien;59;10060;1;;;BOOL;;;;;;;;;Envelope-低压差;;;;;;;;;;;;;
Error history;AL048 Envelope-alarm:Low discharge pressure;AL048 Ramka: Za niskie cisnienie sprezania;60;10061;1;;;BOOL;;;;;;;;;Envelope-低排气压力;;;;;;;;;;;;;
Error history;AL049 Envelope-alarm:Low suction pressure;AL049 Ramka: Za niskie cisnienie ssania;61;10062;1;;;BOOL;;;;;;;;;Envelope-低吸气压力;;;;;;;;;;;;;
Error history;AL050 Envelope-alarm:High discharge temp,;AL050 Ramka: Za wysoka temperatura sprezania;62;10063;1;;;BOOL;;;;;;;;;Envelope-高排气温度;;;;;;;;;;;;;
Error history;AL051 Power+ alarm:01-Overcurrent;AL051 Power+ Alarm: 01-Za duzy prad;63;10064;1;;;BOOL;;;;;;;;;Power+01-过电流;;;;;;;;;;;;;
Error history;AL052 Power+ alarm:02-Motor overload;AL052 Power+ Alarm: 02-Przeciazenie silnika;64;10065;1;;;BOOL;;;;;;;;;Power+02-电机过载;;;;;;;;;;;;;
Error history;AL053 Power+ alarm:03-DCbus overvoltage;AL053 Power+ Alarm: 03: DCbus za wysokie napiecie;65;10066;1;;;BOOL;;;;;;;;;Power+03-DCbus过电压;;;;;;;;;;;;;
Error history;AL054 Power+ alarm:04-DCbus undervoltage;AL054 Power+ Alarm: 04: DCbus za niskie napiecie;66;10067;1;;;BOOL;;;;;;;;;Power+04-DCbus欠压;;;;;;;;;;;;;
Error history;AL055 Power+ alarm:05-Drive overtemp,;AL055 Power+ Alarm: 05: Za wysoka temp. napedu;67;10068;1;;;BOOL;;;;;;;;;Power+05-变频器过热;;;;;;;;;;;;;
Error history;AL056 Power+ alarm:06-Drive undertemp,;AL056 Power+ Alarm: 06: Za niska temp. napedu;68;10069;1;;;BOOL;;;;;;;;;Power+06-变频器欠温;;;;;;;;;;;;;
Error history;AL057 Power+ alarm:07-Overcurrent HW;AL057 Power+ Alarm: 07: Za duzy prad HW;69;10070;1;;;BOOL;;;;;;;;;Power+07-过电流HW;;;;;;;;;;;;;
Error history;AL058 Power+ alarm:08-Motor overtemp,;AL058 Power+ Alarm: 08: Za wysoka temp. silnika;70;10071;1;;;BOOL;;;;;;;;;Power+08-电机过热;;;;;;;;;;;;;
Error history;AL059 Power+ alarm:09-IGBT module error;AL059 Power+ Alarm: 09: Blad modulu IGBT;71;10072;1;;;BOOL;;;;;;;;;Power+09-IGBT模块故障;;;;;;;;;;;;;
Error history;AL060 Power+ alarm:10-CPU error;AL060 Power+ Alarm: 10: Blad plyty glownej;72;10073;1;;;BOOL;;;;;;;;;Power+10-CPU故障;;;;;;;;;;;;;
Error history;AL061 Power+ alarm:11-Parameter default;AL061 Power+ Alarm: 11: Domyslne parametry;73;10074;1;;;BOOL;;;;;;;;;Power+11-参数缺失;;;;;;;;;;;;;
Error history;AL062 Power+ alarm:12-DCbus ripple;AL062 Power+ Alarm: 12: DCbus zaklocenia;74;10075;1;;;BOOL;;;;;;;;;Power+12-母线电压波动;;;;;;;;;;;;;
Error history;AL063 Power+ alarm:13-Data comm, Fault;AL063 Power+ Alarm: 13: Brak komunikacji;75;10076;1;;;BOOL;;;;;;;;;Power+13-数据通讯故障;;;;;;;;;;;;;
Error history;AL064 Power+ alarm:14-Thermistor fault;AL064 Power+ Alarm: 14: Blad termistora;76;10077;1;;;BOOL;;;;;;;;;Power+14-热敏电阻故障;;;;;;;;;;;;;
Error history;AL065 Power+ alarm:15-Autotuning fault;AL065 Power+ Alarm: 15: Blad autoregulacji;77;10078;1;;;BOOL;;;;;;;;;Power+15-自动调节故障;;;;;;;;;;;;;
Error history;AL066 Power+ alarm:16-Drive disabled;AL066 Power+ Alarm: 16: Brak napedu;78;10079;1;;;BOOL;;;;;;;;;Power+16-变频器禁用;;;;;;;;;;;;;
Error history;AL067 Power+ alarm:17-Motor phase fault;AL067 Power+ Alarm: 17: Blad fazy silnika;79;10080;1;;;BOOL;;;;;;;;;Power+17-电机相序故障;;;;;;;;;;;;;
Error history;AL068 Power+ alarm:18-Internal fan fault;AL068 Power+ Alarm: 18: Blad wentylatora;80;10081;1;;;BOOL;;;;;;;;;Power+18-风机故障;;;;;;;;;;;;;
Error history;AL069 Power+ alarm:19-Speed fault;AL069 Power+ Alarm: 19: Blad predkosci;81;10082;1;;;BOOL;;;;;;;;;Power+19-速度故障;;;;;;;;;;;;;
Error history;AL070 Power+ alarm:20-PFC module error;AL070 Power+ Alarm: 20: Blad modulu PFC;82;10083;1;;;BOOL;;;;;;;;;Power+20-PFC模块故障;;;;;;;;;;;;;
Error history;AL071 Power+ alarm:21-PFC overvoltage;AL071 Power+ Alarm: 21: Za wys. napiecie PFC;83;10084;1;;;BOOL;;;;;;;;;Power+21-PFC过电压;;;;;;;;;;;;;
Error history;AL072 Power+ alarm:22-PFC undervoltage;AL072 Power+ Alarm: 22: Za niskie napiecie PFC;84;10085;1;;;BOOL;;;;;;;;;Power+22-PFC欠压;;;;;;;;;;;;;
Error history;AL073 Power+ alarm:23-STO DetectionError;AL073 Power+ Alarm: 23: Blad STO;85;10086;1;;;BOOL;;;;;;;;;Power+23-STO错误检测;;;;;;;;;;;;;
Error history;AL074 Power+ alarm:24-STO DetectionError;AL074 Power+ Alarm: 24: Blad STO;86;10087;1;;;BOOL;;;;;;;;;Power+24-STO错误检测;;;;;;;;;;;;;
Error history;AL075 Power+ alarm:25-Ground fault;AL075 Power+ Alarm: 25: Brak uziemienia;87;10088;1;;;BOOL;;;;;;;;;Power+25-地线故障;;;;;;;;;;;;;
Error history;AL076 Power+ alarm:26-Internal error 1;AL076 Power+ Alarm: 26: Blad wewnetrzny 1;88;10089;1;;;BOOL;;;;;;;;;Power+26-CPU同步错误1;;;;;;;;;;;;;
Error history;AL077 Power+ alarm:27-Internal error 2;AL077 Power+ Alarm: 27: Blad wewnetrzny 2;89;10090;1;;;BOOL;;;;;;;;;Power+27-CPU同步错误2;;;;;;;;;;;;;
Error history;AL078 Power+ alarm:28-Drive overload;AL078 Power+ Alarm: 28: Przeciazenie napedu;90;10091;1;;;BOOL;;;;;;;;;Power+28-变频器过载;;;;;;;;;;;;;
Error history;AL079 Power+ alarm:29-uC safety fault;AL079 Power+ Alarm: 29: Blad bezpieczenstwa uC;91;10092;1;;;BOOL;;;;;;;;;Power+29：uC safety fault;;;;;;;;;;;;;
Error history;AL080 Power+ alarm:98-Unexpected restart;AL080 Power+ Alarm: 98: Nieoczekiwany restart;92;10093;1;;;BOOL;;;;;;;;;Power+98：Unexpected restart;;;;;;;;;;;;;
Error history;AL081 Power+ alarm:99-Unexpected stop;AL081 Power+ Alarm: 99: Nieoczekiwane zatrzymanie;93;10094;1;;;BOOL;;;;;;;;;Power+99：Unexpected stop;;;;;;;;;;;;;
Error history;AL082 Power+ safety alarm:01-Current meas,fault;AL082 Power+ alarm bezpiecz.:01 Pomiar pradu;94;10095;1;;;BOOL;;;;;;;;;Power+ safety alarm:01-Current meas,fault;;;;;;;;;;;;;
Error history;AL083 Power+ safety alarm:02-Current unbalanced;AL083 Power+ alarm bezpiecz.:02 Prad niezrown.;95;10096;1;;;BOOL;;;;;;;;;Power+ safety alarm:02-Current unbalanced;;;;;;;;;;;;;
Error history;AL084 Power+ safety alarm:03-Over current;AL084 Power+ alarm bezpiecz.:03 Przeciazenie;96;10097;1;;;BOOL;;;;;;;;;Power+ safety alarm:03-Over current;;;;;;;;;;;;;
Error history;AL085 Power+ safety alarm:04-STO alarm;AL085 Power+ alarm bezpiecz.:04 Alarm STO;97;10098;1;;;BOOL;;;;;;;;;Power+ safety alarm:04-STO alarm;;;;;;;;;;;;;
Error history;AL086 Power+ safety alarm:05-STO hardware alarm;AL086 Power+ alarm bezpiecz.:05 Alarm plyty STO;98;10099;1;;;BOOL;;;;;;;;;Power+ safety alarm:05-STO hardware alarm;;;;;;;;;;;;;
Error history;AL087 Power+ safety alarm:06-PowerSupply missing;AL087 Power+ alarm bezpiecz.:06 Brak zasilania;99;10100;1;;;BOOL;;;;;;;;;Power+ safety alarm:06-PowerSupply missing;;;;;;;;;;;;;
Error history;AL088 Power+ safety alarm:07-HW fault cmd,buffer;AL088 Power+ alarm bezpiecz.:07 Blad buf polec HV;100;10101;1;;;BOOL;;;;;;;;;Power+ safety alarm:07-HW fault cmd,buffer;;;;;;;;;;;;;
Error history;AL089 Power+ safety alarm:08-HW fault heater c,;AL089 Power+ alarm bezpiecz.:08 Blad grzalki HV;101;10102;1;;;BOOL;;;;;;;;;Power+ safety alarm:08-HW fault heater c,;;;;;;;;;;;;;
Error history;AL090 Power+ safety alarm:09-Data comm, Fault;AL090 Power+ alarm bezpiecz.:09 Blad komunikacji;102;10103;1;;;BOOL;;;;;;;;;Power+ safety alarm:09-Data comm, Fault;;;;;;;;;;;;;
Error history;AL091 Power+ safety alarm:10-Compr, stall detect;AL091 Power+ alarm bezpiecz.:10 Zatrzym sprez.;103;10104;1;;;BOOL;;;;;;;;;Power+ safety alarm:10-Compr, stall detect;;;;;;;;;;;;;
Error history;AL092 Power+ safety alarm:11-DCbus over current;AL092 Power+ alarm bezpiecz.:11 DCbus przeciaz.;104;10105;1;;;BOOL;;;;;;;;;Power+ safety alarm:11-DCbus over current;;;;;;;;;;;;;
Error history;AL093 Power+ safety alarm:12-HWF DCbus current;AL093 Power+ alarm bezpiecz.:12 Prad HWF DCBus;105;10106;1;;;BOOL;;;;;;;;;Power+ safety alarm:12-HWF DCbus current;;;;;;;;;;;;;
Error history;AL094 Power+ safety alarm:13-DCbus voltage;AL094 Power+ alarm bezpiecz.:13 Napiecie DCbus;106;10107;1;;;BOOL;;;;;;;;;Power+ safety alarm:13-DCbus voltage;;;;;;;;;;;;;
Error history;AL095 Power+ safety alarm:14-HWF DCbus voltage;AL095 Power+ alarm bezpiecz.:14 Nap. HWF DCbus;107;10108;1;;;BOOL;;;;;;;;;Power+ safety alarm:14-HWF DCbus voltage;;;;;;;;;;;;;
Error history;AL096 Power+ safety alarm:15-Input voltage;AL096 Power+ alarm bezpiecz.:15 Napiecie wejsciowe;108;10109;1;;;BOOL;;;;;;;;;Power+ safety alarm:15-Input voltage;;;;;;;;;;;;;
Error history;AL097 Power+ safety alarm:16-HWF input voltage;AL097 Power+ alarm bezpiecz.:16 Nap. Wej. HWF;109;10110;1;;;BOOL;;;;;;;;;Power+ safety alarm:16-HWF input voltage;;;;;;;;;;;;;
Error history;AL098 Power+ safety alarm:17-DCbus power alarm;AL098 Power+ alarm bezpiecz.:17 DCbus zasilania;110;10111;1;;;BOOL;;;;;;;;;Power+ safety alarm:17-DCbus power alarm;;;;;;;;;;;;;
Error history;AL099 Power+ safety alarm:18-HWF power mismatch;AL099 Power+ alarm bezpiecz.:18 HWF zasilanie;111;10112;1;;;BOOL;;;;;;;;;Power+ safety alarm:18-HWF power mismatch;;;;;;;;;;;;;
Error history;AL100 Power+ safety alarm:19-NTC over temp,;AL100 Power+ alarm bezpiecz.:19 NTC przekr.temp.;112;10113;1;;;BOOL;;;;;;;;;Power+ safety alarm:19-NTC over temp,;;;;;;;;;;;;;
Error history;AL100 Power+ safety alarm:20-NTC under temp,;AL101 Power+ alarm bezpiecz.:20 NTC za nis.temp.;113;10114;1;;;BOOL;;;;;;;;;Power+ safety alarm:20-NTC under temp,;;;;;;;;;;;;;
Error history;AL102 Power+ safety alarm:21-NTC fault;AL102 Power+ alarm bezpiecz.:21 Blad NTC;114;10115;1;;;BOOL;;;;;;;;;Power+ safety alarm:21-NTC fault;;;;;;;;;;;;;
Error history;AL103 Power+ safety alarm:22-HWF sync fault;AL103 Power+ alarm bezpiecz.:22 Synchr HWF;115;10116;1;;;BOOL;;;;;;;;;Power+ safety alarm:22-HWF sync fault;;;;;;;;;;;;;
Error history;AL104 Power+ safety alarm:23-Invalid parameter;AL104 Power+ alarm bezpiecz.:23 Brak parametru;116;10117;1;;;BOOL;;;;;;;;;Power+ safety alarm:23-Invalid parameter;;;;;;;;;;;;;
Error history;AL105 Power+ safety alarm:24-FW fault;AL105 Power+ alarm bezpiecz.:24 Blad FW;117;10118;1;;;BOOL;;;;;;;;;Power+ safety alarm:24-FW fault;;;;;;;;;;;;;
Error history;AL106 Power+ safety alarm:25-HW fault;AL106 Power+ alarm bezpiecz.:25 Blad HW;118;10119;1;;;BOOL;;;;;;;;;Power+ safety alarm:25-HW fault;;;;;;;;;;;;;
Error history;AL107 Power+ safety alarm:26-reseved;AL107 Power+ alarm bezpiecz.:26 zarezerwowany;119;10120;1;;;BOOL;;;;;;;;;Power+ safety alarm:26-reseved;;;;;;;;;;;;;
Error history;AL108 Power+ safety alarm:27-reseved;AL108 Power+ alarm bezpiecz.:27 zarezerwowany;120;10121;1;;;BOOL;;;;;;;;;Power+ safety alarm:27-reseved;;;;;;;;;;;;;
Error history;AL109 Power+ safety alarm:28-reseved;AL109 Power+ alarm bezpiecz.:28 zarezerwowany;121;10122;1;;;BOOL;;;;;;;;;Power+ safety alarm:28-reseved;;;;;;;;;;;;;
Error history;AL110 Power+ safety alarm:29-reseved;AL110 Power+ alarm bezpiecz.:29 zarezerwowany;122;10123;1;;;BOOL;;;;;;;;;Power+ safety alarm:29-reseved;;;;;;;;;;;;;
Error history;AL111 Power+ safety alarm:30-reseved;AL111 Power+ alarm bezpiecz.:30 zarezerwowany;123;10124;1;;;BOOL;;;;;;;;;Power+ safety alarm:30-reseved;;;;;;;;;;;;;
Error history;AL112 Power+ safety alarm:31-reseved;AL112 Power+ alarm bezpiecz.:31 zarezerwowany;124;10125;1;;;BOOL;;;;;;;;;Power+ safety alarm:31-reseved;;;;;;;;;;;;;
Error history;AL113 Power+ safety alarm:32-reseved;AL113 Power+ alarm bezpiecz.:32 zarezerwowany;125;10126;1;;;BOOL;;;;;;;;;Power+ safety alarm:32-reseved;;;;;;;;;;;;;
Error history;AL114 Power+ alarm:Power+ offline;AL114 Power+ alarm: Power+ niepodlaczony;126;10127;1;;;BOOL;;;;;;;;;变频器离线报警;;;;;;;;;;;;;
Error history;AL115 EEV alarm:Low superheat;AL115 EEV alarm: Niskie przegrzanie;127;10128;1;;;BOOL;;;;;;;;;EEV低过热度报警;;;;;;;;;;;;;
Error history;AL116 EEV alarm:LOP;AL116 EEV alarm: LOP;128;10129;1;;;BOOL;;;;;;;;;EEV LOP报警;;;;;;;;;;;;;
Error history;AL117 EEV alarm:MOP;AL117 EEV alarm: MOP;129;10130;1;;;BOOL;;;;;;;;;EEV MOP报警;;;;;;;;;;;;;
Error history;AL118 EEV alarm:High condens,temp,;AL118 EEV alarm: Wysoka temp. skraplacza;130;10131;1;;;BOOL;;;;;;;;;EEV高冷凝温度报警;;;;;;;;;;;;;
Error history;AL119 EEV alarm:Low suction temp,;AL119 EEV alarm: Niska temp. skraplacza;131;10132;1;;;BOOL;;;;;;;;;EEV低吸气温度报警;;;;;;;;;;;;;
Error history;AL120 EEV alarm:Motor error;AL120 EEV alarm: Blad silnika;132;10133;1;;;BOOL;;;;;;;;;EEV电机故障;;;;;;;;;;;;;
Error history;AL121 EEV alarm:Self Tuning;AL121 EEV alarm: Samoregulacja;133;10134;1;;;BOOL;;;;;;;;;EEV自应PID错误;;;;;;;;;;;;;
Error history;AL122 EEV alarm:Emergency closing;AL122 EEV alarm: Wylaczenie bezpieczenstwa;134;10135;1;;;BOOL;;;;;;;;;EEV 紧急关闭报警;;;;;;;;;;;;;
Error history;AL123 EEV alarm:Temperature delta;AL123 EEV alarm: Roznica temperatur;135;10136;1;;;BOOL;;;;;;;;;EEV温差保护;;;;;;;;;;;;;
Error history;AL124 EEV alarm:Pressure delta;AL124 EEV alarm: Roznica cisnien;136;10137;1;;;BOOL;;;;;;;;;EEV压差保护;;;;;;;;;;;;;
Error history;AL125 EEV alarm:Param,range error;AL125 EEV alarm: Zakres parametrow;137;10138;1;;;BOOL;;;;;;;;;EEV范围错误;;;;;;;;;;;;;
Error history;AL126 EEV alarm:ServicePosit% err;AL126 EEV alarm: Pozycja serwisowa;138;10139;1;;;BOOL;;;;;;;;;EEV位置信号错误;;;;;;;;;;;;;
Error history;AL127 EEV alarm:ValveID pin error;AL127 EEV alarm: Blad ID zaworu;139;10140;1;;;BOOL;;;;;;;;;EEV序号错误;;;;;;;;;;;;;
Error history;AL128 Low press alarm;AL128 Niskie cisnienie;140;10141;1;;;BOOL;;;;;;;;;低压报警;;;;;;;;;;;;;
Error history;AL129 High press alarm;AL129 Wysokie cisnienie;141;10142;1;;;BOOL;;;;;;;;;高压报警;;;;;;;;;;;;;
Error history;AL130 Disc,temp,probe error;AL130 Blad czujn. temp. sprezania;142;10143;1;;;BOOL;;;;;;;;;排气温度探头报警;;;;;;;;;;;;;
Error history;AL131 Suct,temp,probe error;AL131 Blad czujn. temp. ssania;143;10144;1;;;BOOL;;;;;;;;;吸气温度探头报警;;;;;;;;;;;;;
Error history;AL132 Disc,press,probe error;AL132 Blad czujn. cisnienia sprezania;144;10145;1;;;BOOL;;;;;;;;;排气压力探头报警;;;;;;;;;;;;;
Error history;AL133 Suct,press,probe error;AL133 Blad czujnika cisnienia ssania;145;10146;1;;;BOOL;;;;;;;;;吸气压力探头报警;;;;;;;;;;;;;
Error history;AL134 Tank temp,probe error;AL134 Blad czujnika temperatury zbiornika cwu;146;10147;1;;;BOOL;;;;;;;;;水箱温度探头报警;;;;;;;;;;;;;
Error history;AL135 EVI SuctT,probe error;AL135 Blad czujnika temp. ssania EVI;147;10148;1;;;BOOL;;;;;;;;;EVI 吸气温度探头报警;;;;;;;;;;;;;
Error history;AL136 EVI SuctP,probe error;AL136 Blad czujnika cisnienia EVI;148;10149;1;;;BOOL;;;;;;;;;EVI 吸气压力探头报警;;;;;;;;;;;;;
Error history;AL137 Flow switch alarm;AL137 Alarm czujnika przeplywu;149;10150;1;;;BOOL;;;;;;;;;水流开关报警;;;;;;;;;;;;;
Error history;AL138 High temp, alarm;AL138 Alarm wysoka temperatura;150;10151;1;;;BOOL;;;;;;;;;高出水温度报警;;;;;;;;;;;;;
Error history;AL139 Low temp, alarm;AL139 Alarm niska temperatura;151;10152;1;;;BOOL;;;;;;;;;低出水温度报警;;;;;;;;;;;;;
Error history;AL140 Temp,delta alarm;AL140 Alarm roznica temperatur;152;10153;1;;;BOOL;;;;;;;;;进出水温差报警;;;;;;;;;;;;;
Error history;AL141 EVI alarm:Param,range error;AL141 EVI alarm: Zakres parametru;153;10154;1;;;BOOL;;;;;;;;;EVI范围错误;;;;;;;;;;;;;
Error history;AL142 EVI alarm:Low superheat;AL142 EVI alarm: Niskie przegrzanie;154;10155;1;;;BOOL;;;;;;;;;EVI 低过热度报警;;;;;;;;;;;;;
Error history;AL143 EVI alarm:LOP;AL143 EVI alarm: LOP;155;10156;1;;;BOOL;;;;;;;;;EVI LOP报警;;;;;;;;;;;;;
Error history;AL144 EVI alarm:MOP;AL144 EVI alarm: MOP;156;10157;1;;;BOOL;;;;;;;;;EVI MOP报警;;;;;;;;;;;;;
Error history;AL145 EVI alarm:High condens,temp,;AL145 EVI alarm: Wysoka temp. skraplacza;157;10158;1;;;BOOL;;;;;;;;;EVI高冷凝温度报警;;;;;;;;;;;;;
Error history;AL146 EVI alarm:Low suction temp,;AL146 EVI alarm: Niskie cisn. ssania;158;10159;1;;;BOOL;;;;;;;;;EVI低吸气温度报警;;;;;;;;;;;;;
Error history;AL147 EVI alarm:Motor error;AL147 EVI alarm: Blad silnika;159;10160;1;;;BOOL;;;;;;;;;EVI电机故障;;;;;;;;;;;;;
Error history;AL148 EVI alarm:Self Tuning;AL148 EVI alarm: Samoregulacja;160;10161;1;;;BOOL;;;;;;;;;EVI自适应PID错误;;;;;;;;;;;;;
Error history;AL149 EVI alarm:Emergency closing;AL149 EVI alarm: Wylaczenie bezpieczenstwa;161;10162;1;;;BOOL;;;;;;;;;EVI紧急关闭;;;;;;;;;;;;;
Error history;AL150 EVI alarm:ServicePosit err;AL150 EVI alarm: Blad pozycji serwisowej;162;10163;1;;;BOOL;;;;;;;;;EVI位置信号错误;;;;;;;;;;;;;
Error history;AL151 EVI alarm:ValveID pin error;AL151 EVI alarm: Blad ID zaworu;163;10164;1;;;BOOL;;;;;;;;;EVI序号错误;;;;;;;;;;;;;
Error history;AL152 Supply power error;AL152 Blad zasilania;164;10165;1;;;BOOL;;;;;;;;;电源频率波动报警;;;;;;;;;;;;;
Error history;AL153 Fan1 fault;AL153 Blad Wentylatora 1;165;10166;1;;;BOOL;;;;;;;;;调速风机1故障;;;;;;;;;;;;;
Error history;AL154 Fan2 fault;AL154 Blad Wentylatora 2;166;10167;1;;;BOOL;;;;;;;;;调速风机2故障;;;;;;;;;;;;;
Error history;AL155 Fans Offline;AL155 Rozlaczenie wentylatorow;167;10168;1;;;BOOL;;;;;;;;;调速风机通信离线;;;;;;;;;;;;;
Error history;AL165 Slave1 Offline;AL165 Rozlaczenie Slave1;168;10169;1;;;BOOL;;;;;;;;;1#从机离线;;;;;;;;;;;;;
Error history;AL166 Master Offline;AL166 Rozlaczenie Master;169;10170;1;;;BOOL;;;;;;;;;主机离线;;;;;;;;;;;;;
Error history;AL167 Slave2 Offline;AL167 Rozlaczenie Slave2;170;10171;1;;;BOOL;;;;;;;;;2#从机离线;;;;;;;;;;;;;
Error history;AL168 Slave3 Offline;AL168 Rozlaczenie Slave3;171;10172;1;;;BOOL;;;;;;;;;3#从机离线;;;;;;;;;;;;;
Error history;AL169 Slave4 Offline;AL169 Rozlaczenie Slave4;172;10173;1;;;BOOL;;;;;;;;;4#从机离线;;;;;;;;;;;;;
Error history;AL170 Slave5 Offline;AL170 Rozlaczenie Slave5;173;10174;1;;;BOOL;;;;;;;;;5#从机离线;;;;;;;;;;;;;
Error history;AL171 Slave6 Offline;AL171 Rozlaczenie Slave6;174;10175;1;;;BOOL;;;;;;;;;6#从机离线;;;;;;;;;;;;;
Error history;AL172 Slave7 Offline;AL172 Rozlaczenie Slave7;175;10176;1;;;BOOL;;;;;;;;;7#从机离线;;;;;;;;;;;;;
Error history;AL173 Slave8 Offline;AL173 Rozlaczenie Slave8;176;10177;1;;;BOOL;;;;;;;;;8#从机离线;;;;;;;;;;;;;
Error history;AL174 Slave9 Offline;AL174 Rozlaczenie Slave9;177;10178;1;;;BOOL;;;;;;;;;9#从机离线;;;;;;;;;;;;;
Main interface;Pump;Pompa Obiegowa Odczyt;178;10179;1;;R;BOOL;;;;;;;;;;;;;;;;;;;;;;
Main interface;Comp,;Sprężarka Odczyt;179;10180;1;;R;BOOL;;;;;;;;;;;;;;;;;;;;;;
Main interface;Fan;Wentylator Odczyt;180;10181;1;;R;BOOL;;;;;;;;;;;;;;;;;;;;;;
Inquiry interface;ID4: Cooling linkage;WE Chłodzenie;181;10182;1;;R;BOOL;;;;;;;;;;;;;;;;;;;;;;
Inquiry interface;ID6: Heating linkage;WE Ogrzewania;182;10183;1;;R;BOOL;;;;;;;;;;;;;;;;;;;;;;
Inquiry interface;D08: Terminal Pump;WY: Pompa Obiegowa 2;183;10184;1;;;BOOL;;;;;;;;;;;;;;;;;;;;;;
;;;;;;;;;;;;;;;;;;;;;;;;;;;;;;
Main interface;Work mode select;Tryb Pracy;0;40001;1;FC3/FC6;RW;INT;0;4;;1;1;°C;TrybPracyId;"0:Chłodzenie;1:Ogrzewania ;2:CWU ;3:Chłodzenie + CWU;4:Ogrzewanie + CWU;";"0:cooling ;1:heating ;2:hot water ;3:hot water +cooling ;4:hot water +heating ;";;;;;;;;;;;;;
Main interface;Heating setp,;Ogrzewanie Nastawa;1;40002;1;FC3/FC6;RW;REAL;100;550;0,1;500;50;°C;OgrzewanieTempZadana;;;;;;;;;;;;;;;
Main interface;Cooling setp,;Chłodzenie Nastawa;2;40003;1;FC3/FC6;RW;REAL;12;25;0,1;120;12;°C;ChlodzenieTempZadana;;;;;;;;;;;;;;;
Main interface;Hotwater setp,;CWU Nastawa;3;40004;1;FC3/FC6;RW;REAL;10;;0,1;500;50;°C;CwuTempZadana;;;;;;;;;;;;;;;
Project paramters;Hot watet setp, Temp, diff,;CWU Histereza Start;4;40005;1;;;REAL;1;15;0,1;50;5;°C;;;;;;;;;;;;;;;;
Project paramters;Stop temp, diff,;CWU Histereza Stop;5;40006;1;;;REAL;0;5;0,1;0;0;°C;;;;;;;;;;;;;;;;
Project paramters;Cool and heat mode Temp, diff,;Ogrzewanie i Chłodz Histereza Start;6;40007;1;;;REAL;1;15;0,1;50;5;°C;;;;;;;;;;;;;;;;
Project paramters;Stop temp, diff,;Ogrzewanie i Chłodz Histereza Stop;7;40008;1;;;REAL;0;5;0,1;20;2;°C;;;;;;;;;;;;;;;;
;;;8;40009;1;;;;;;;50;50;;;;;;;;;;;;;;;;;
;;;9;40010;1;;;;;;;200;200;;;;;;;;;;;;;;;;;
;;;10;40011;1;;;;;;;0;0;;;;;;;;;;;;;;;;;
Project paramters;Pump work;Tryb Pompy Obiegowej;11;40012;1;;;INT;0;1;1;2;2;;;"0: Ciągła;1:Zewnętrzne Sterowanie;2:Interwał";"0: 一直开;1:根据需求;2间歇开";;;;;;;;;;;;;
Main interface;Fan mode;Tryb Wentylatora Odczyt;12;40013;1;;R;INT;0;3;1;0;0;;;"0:Dzień;1:Noc;2:KrzywaGrzewcza;3:Serwisowy;";"0:白天模式;1:夜间模式;2:低风模式;3T:压力模式;";;;;;;;;;;;;;
Project paramters;E/H Comp, delay;E/H Comp, delay;13;40014;1;;;UINT;0;999;1;50;50;;;;;;;;;;;;;;;;;
Project paramters;Ext, temp, setp,;Ext, temp, setp,;14;40015;1;;;REAL;-30;20;0,1;-150;-15;°C;;;;;;;;;;;;;;;;
Project paramters;Delta temp, set;Delta temp, set;15;40016;1;;;REAL;2;15;0,1;40;4;°C;;;;;;;;;;;;;;;;
;;;16;40017;;;;;;;;180;180;;;;;;;;;;;;;;;;;
;;;17;40018;;;;;;;;30;30;;;;;;;;;;;;;;;;;
;;;18;40019;;;;;;;;500;500;;;;;;;;;;;;;;;;;
;;;19;40020;;;;;;;;800;800;;;;;;;;;;;;;;;;;
;;;20;40021;;;;;;;;300;300;;;;;;;;;;;;;;;;;
;;;21;40022;;;;;;;;360;360;;;;;;;;;;;;;;;;;
;;;22;40023;;;;;;;;480;480;;;;;;;;;;;;;;;;;
;;;23;40024;;;;;;;;0;0;;;;;;;;;;;;;;;;;
;;;24;40025;;;;;;;;0;0;;;;;;;;;;;;;;;;;
;;;25;40026;;;;;;;;0;0;;;;;;;;;;;;;;;;;
;;;26;40027;;;;;;;;0;0;;;;;;;;;;;;;;;;;
;;;27;40028;;;;;;;;0;0;;;;;;;;;;;;;;;;;
;;;28;40029;;;;;;;;150;150;;;;;;;;;;;;;;;;;
;;;29;40030;;;;;;;;40;40;;;;;;;;;;;;;;;;;
;;;30;40031;;;;;;;;640;640;;;;;;;;;;;;;;;;;
;;;31;40032;;;;;;;;15;15;;;;;;;;;;;;;;;;;
;;;32;40033;;;;;;;;5;5;;;;;;;;;;;;;;;;;
;;;33;40034;;;;;;;;1000;1000;;;;;;;;;;;;;;;;;
;;;34;40035;;;;;;;;5;5;;;;;;;;;;;;;;;;;
;;;35;40036;;;;;;;;1000;1000;;;;;;;;;;;;;;;;;
;;;36;40037;;;;;;;;500;500;;;;;;;;;;;;;;;;;
;;;37;40038;;;;;;;;0;0;;;;;;;;;;;;;;;;;
;;;38;40039;;;;;;;;345;345;;;;;;;;;;;;;;;;;
;;;39;40040;;;;;;;;0;0;;;;;;;;;;;;;;;;;
;;;40;40041;;;;;;;;450;450;;;;;;;;;;;;;;;;;
;;;41;40042;;;;;;;;0;0;;;;;;;;;;;;;;;;;
;;;42;40043;;;;;;;;345;345;;;;;;;;;;;;;;;;;
;;;43;40044;;;;;;;;450;450;;;;;;;;;;;;;;;;;
;;;44;40045;;;;;;;;280;280;;;;;;;;;;;;;;;;;
;;;45;40046;;;;;;;;50;50;;;;;;;;;;;;;;;;;
;;;46;40047;;;;;;;;700;700;;;;;;;;;;;;;;;;;
;;;47;40048;;;;;;;;10;10;;;;;;;;;;;;;;;;;
;;;48;40049;;;;;;;;130;130;;;;;;;;;;;;;;;;;
;;;49;40050;;;;;;;;10;10;;;;;;;;;;;;;;;;;
;;;50;40051;;;;;;;;350;350;;;;;;;;;;;;;;;;;
;;;51;40052;;;;;;;;400;400;;;;;;;;;;;;;;;;;
;;;52;40053;;;;;;;;60;60;;;;;;;;;;;;;;;;;
;;;53;40054;;;;;;;;600;600;;;;;;;;;;;;;;;;;
;;;54;40055;;;;;;;;3;3;;;;;;;;;;;;;;;;;
;;;55;40056;;;;;;;;650;650;;;;;;;;;;;;;;;;;
;;;56;40057;;;;;;;;250;250;;;;;;;;;;;;;;;;;
;;;57;40058;;;;;;;;20;20;;;;;;;;;;;;;;;;;
;;;58;40059;;;;;;;;230;230;;;;;;;;;;;;;;;;;
;;;59;40060;;;;;;;;200;200;;;;;;;;;;;;;;;;;
;;;60;40061;;;;;;;;30;30;;;;;;;;;;;;;;;;;
;;;61;40062;;;;;;;;90;90;;;;;;;;;;;;;;;;;
;;;62;40063;;;;;;;;40;40;;;;;;;;;;;;;;;;;
;;;63;40064;;;;;;;;30;30;;;;;;;;;;;;;;;;;
;;;64;40065;;;;;;;;0;0;;;;;;;;;;;;;;;;;
;;;65;40066;;;;;;;;55;55;;;;;;;;;;;;;;;;;
;;;66;40067;;;;;;;;2000;2000;;;;;;;;;;;;;;;;;
;;;67;40068;;;;;;;;8000;8000;;;;;;;;;;;;;;;;;
;;;68;40069;;;;;;;;2000;2000;;;;;;;;;;;;;;;;;
;;;69;40070;;;;;;;;200;200;;;;;;;;;;;;;;;;;
;;;70;40071;;;;;;;;300;300;;;;;;;;;;;;;;;;;
;;;71;40072;;;;;;;;1000;1000;;;;;;;;;;;;;;;;;
Project paramters;Cool minimum set;Chłodzenie Nastawa;72;40073;1;;;REAL;-99;100;0,1;120;12;°C;;;;;;;;;;;;;;;;
Project paramters;Heat maximum set;Ogrzewanie Nastawa;73;40074;1;;;REAL;-99;100;0,1;550;55;°C;;;;;;;;;;;;;;;;
Project paramters;Address;Adres;74;40075;2;;;UDINT;1;207;1;0;0;;;;;;;;;;;;;;;;;
;Address;Adres;75;;;;;;;;;1;1;;;;;;;;;;;;;;;;;
Project paramters;Insert new service passwoManufact;Wprowadź nowe hasło serwisowe;76;40077;1;;;UINT;0;9999;1;815;815;-;;;;;;;;;;;;;;;;
Defrost parameter;Defrost Min, speed when change;Minimalna prędkość podczas zmiany w trybie rozmrażania;77;40078;1;;;REAL;30;90;0,1;300;30;rpm;;;;;;;;;;;;;;;;
Defrost parameter;Defrost EEV opening;Otwarcie zaworu EEV po zakończeniu rozmrażania;78;40079;1;;;INT;0;480;1;480;480;;;;;;;;;;;;;;;;;
Defrost parameter;EEV opening when defrost quit;EEV opening when defrost quit;79;40080;1;;;INT;0;480;1;300;300;;;;;;;;;;;;;;;;;
Defrost parameter;EEV opening keep time;Czas utrzymania otwarcia zaworu EEV;80;40081;1;;;INT;0;999;1;40;40;;;;;;;;;;;;;;;;;
Defrost parameter;Compressor speed for defrost;Prędkość pompy podczas rozmrażania;81;40082;1;;;REAL;1;120;1;650;650;;;"30,0~oil_defrost_maxspeed（oil_defrost_maxspeed 0,0~120,0）
";30,0~oil_defrost_maxspeed（oil_defrost_maxspeed 0,0~120,0）;;;;;;;;;;;;;
Defrost parameter;Pump speed for defrost;Pump speed for defrost;82;40083;1;;;REAL;0;100;1;1000;1000;;;;;;;;;;;;;;;;;
Defrost parameter;Defrost start setpoint;Punkt początkowy rozmrażania;83;40084;1;;;REAL;-20;30;0,1;-10;-1;;;-1 wg DTR;;;;;;;;;;;;;;
Defrost parameter;Defrost end setpoint;Punkt końcowy rozmrażania;84;40085;1;;;REAL;0;30;0,1;150;15;°C;;15 wg DTR;;;;;;;;;;;;;;
Defrost parameter;Defrost Amb, setpoint;Punkt nastawy rozmrażania w zależności od temperatury otoczenia;85;40086;1;;;REAL;-30;30;0,1;150;15;°C;;15 wg DTR;;;;;;;;;;;;;;
Defrost parameter;Defrost Amb and coil T,diff,;Różnica temperatur otoczenia i wymienika podczas rozmrażania;86;40087;1;;;REAL;1;30;0,1;70;7;°C;;5 wg DTR;;;;;;;;;;;;;;
Defrost parameter;Defrost delay;Opóźnienie rozmrażania;87;40088;1;;;UINT;0;90;1;1;1;min;;;;;;;;;;;;;;;;
Defrost parameter;Defrost min, time;Minimalny czas rozmrażania;88;40089;1;;;UINT;1;99;1;1;1;min;;;;;;;;;;;;;;;;
Defrost parameter;Defrost max, time;Maksymalny czas rozmrażania;89;40090;1;;;UINT;1;99;1;8;8;min;;8 min wg DTR;;;;;;;;;;;;;;
Defrost parameter;Defrost interval time;Czas od ostatniego cyklu odmrażania;90;40091;1;;;UINT;0;480;1;50;50;min;;45 min wg DTR;;;;;;;;;;;;;;
Defrost parameter;Automatic defrost every;Automatyczny defrost co;91;40092;1;;;UINT;1;999;1;60;60;min;;;;;;;;;;;;;;;;
;;;92;40093;;;;;;;;10;10;;;;;;;;;;;;;;;;;
;;;93;40094;;;;;;;;10;10;;;;;;;;;;;;;;;;;
;;;94;40095;;;;;;;;10;10;;;;;;;;;;;;;;;;;
;;;95;40096;;;;;;;;350;350;;;;;;;;;;;;;;;;;
;;;96;40097;;;;;;;;20;20;;;;;;;;;;;;;;;;;
;;;97;40098;;;;;;;;250;250;;;;;;;;;;;;;;;;;
;;;98;40099;;;;;;;;70;70;;;;;;;;;;;;;;;;;
;;;99;40100;;;;;;;;700;700;;;;;;;;;;;;;;;;;
;;;100;40101;;;;;;;;640;640;;;;;;;;;;;;;;;;;
;;;101;40102;;;;;;;;15;15;;;;;;;;;;;;;;;;;
;;;102;40103;;;;;;;;5;5;;;;;;;;;;;;;;;;;
;;;103;40104;;;;;;;;1000;1000;;;;;;;;;;;;;;;;;
;;;104;40105;;;;;;;;5;5;;;;;;;;;;;;;;;;;
;;;105;40106;;;;;;;;1000;1000;;;;;;;;;;;;;;;;;
;;;106;40107;;;;;;;;500;500;;;;;;;;;;;;;;;;;
;;;107;40108;;;;;;;;0;0;;;;;;;;;;;;;;;;;
;;;108;40109;;;;;;;;345;345;;;;;;;;;;;;;;;;;
;;;109;40110;;;;;;;;0;0;;;;;;;;;;;;;;;;;
;;;110;40111;;;;;;;;0;0;;;;;;;;;;;;;;;;;
;;;111;40112;;;;;;;;0;0;;;;;;;;;;;;;;;;;
;;;112;40113;;;;;;;;40;40;;;;;;;;;;;;;;;;;
;;;113;40114;;;;;;;;350;350;;;;;;;;;;;;;;;;;
;;;114;40115;;;;;;;;58;58;;;;;;;;;;;;;;;;;
;;;115;40116;;;;;;;;280;280;;;;;;;;;;;;;;;;;
;;;116;40117;;;;;;;;700;700;;;;;;;;;;;;;;;;;
;;;117;40118;;;;;;;;40;40;;;;;;;;;;;;;;;;;
;;;118;40119;;;;;;;;350;350;;;;;;;;;;;;;;;;;
;;;119;40120;;;;;;;;53;53;;;;;;;;;;;;;;;;;
;;;120;40121;;;;;;;;250;250;;;;;;;;;;;;;;;;;
;;;121;40122;;;;;;;;800;800;;;;;;;;;;;;;;;;;
;;;122;40123;;;;;;;;40;40;;;;;;;;;;;;;;;;;
;;;123;40124;;;;;;;;380;380;;;;;;;;;;;;;;;;;
;;;124;40125;;;;;;;;42;42;;;;;;;;;;;;;;;;;
;;;125;40126;;;;;;;;200;200;;;;;;;;;;;;;;;;;
;;;126;40127;;;;;;;;800;800;;;;;;;;;;;;;;;;;
;;;127;40128;;;;;;;;40;40;;;;;;;;;;;;;;;;;
;;;128;40129;;;;;;;;380;380;;;;;;;;;;;;;;;;;
;;;129;40130;;;;;;;;33;33;;;;;;;;;;;;;;;;;
;;;130;40131;;;;;;;;160;160;;;;;;;;;;;;;;;;;
;;;131;40132;;;;;;;;800;800;;;;;;;;;;;;;;;;;
;;;132;40133;;;;;;;;40;40;;;;;;;;;;;;;;;;;
;;;133;40134;;;;;;;;400;400;;;;;;;;;;;;;;;;;
;;;134;40135;;;;;;;;27;27;;;;;;;;;;;;;;;;;
;;;135;40136;;;;;;;;130;130;;;;;;;;;;;;;;;;;
;;;136;40137;;;;;;;;780;780;;;;;;;;;;;;;;;;;
;;;137;40138;;;;;;;;40;40;;;;;;;;;;;;;;;;;
;;;138;40139;;;;;;;;400;400;;;;;;;;;;;;;;;;;
;;;139;40140;;;;;;;;18;18;;;;;;;;;;;;;;;;;
;;;140;40141;;;;;;;;100;100;;;;;;;;;;;;;;;;;
;;;141;40142;;;;;;;;780;780;;;;;;;;;;;;;;;;;
;;;142;40143;;;;;;;;40;40;;;;;;;;;;;;;;;;;
;;;143;40144;;;;;;;;400;400;;;;;;;;;;;;;;;;;
;;;144;40145;;;;;;;;15;15;;;;;;;;;;;;;;;;;
;;;145;40146;;;;;;;;72;72;;;;;;;;;;;;;;;;;
;;;146;40147;;;;;;;;780;780;;;;;;;;;;;;;;;;;
;;;147;40148;;;;;;;;40;40;;;;;;;;;;;;;;;;;
;;;148;40149;;;;;;;;350;350;;;;;;;;;;;;;;;;;
;;;149;40150;;;;;;;;13;13;;;;;;;;;;;;;;;;;
;;;150;40151;;;;;;;;65;65;;;;;;;;;;;;;;;;;
;;;151;40152;;;;;;;;600;600;;;;;;;;;;;;;;;;;
;;;152;40153;;;;;;;;50;50;;;;;;;;;;;;;;;;;
;;;153;40154;;;;;;;;350;350;;;;;;;;;;;;;;;;;
;;;154;40155;;;;;;;;75;75;;;;;;;;;;;;;;;;;
;;;155;40156;;;;;;;;380;380;;;;;;;;;;;;;;;;;
;;;156;40157;;;;;;;;600;600;;;;;;;;;;;;;;;;;
;;;157;40158;;;;;;;;50;50;;;;;;;;;;;;;;;;;
;;;158;40159;;;;;;;;350;350;;;;;;;;;;;;;;;;;
;;;159;40160;;;;;;;;75;75;;;;;;;;;;;;;;;;;
;;;160;40161;;;;;;;;380;380;;;;;;;;;;;;;;;;;
;;;161;40162;;;;;;;;600;600;;;;;;;;;;;;;;;;;
;;;162;40163;;;;;;;;50;50;;;;;;;;;;;;;;;;;
;;;163;40164;;;;;;;;350;350;;;;;;;;;;;;;;;;;
;;;164;40165;;;;;;;;95;95;;;;;;;;;;;;;;;;;
;;;165;40166;;;;;;;;780;780;;;;;;;;;;;;;;;;;
;;;166;40167;;;;;;;;50;50;;;;;;;;;;;;;;;;;
;;;167;40168;;;;;;;;350;350;;;;;;;;;;;;;;;;;
;;;168;40169;;;;;;;;95;95;;;;;;;;;;;;;;;;;
;;;169;40170;;;;;;;;78;78;;;;;;;;;;;;;;;;;
;;;170;40171;;;;;;;;50;50;;;;;;;;;;;;;;;;;
;;;171;40172;;;;;;;;350;350;;;;;;;;;;;;;;;;;
;;;172;40173;;;;;;;;95;95;;;;;;;;;;;;;;;;;
;;;173;40174;;;;;;;;780;780;;;;;;;;;;;;;;;;;
;;;174;40175;;;;;;;;50;50;;;;;;;;;;;;;;;;;
;;;175;40176;;;;;;;;350;350;;;;;;;;;;;;;;;;;
;;;176;40177;;;;;;;;95;95;;;;;;;;;;;;;;;;;
;;;177;40178;;;;;;;;700;700;;;;;;;;;;;;;;;;;
;;;178;40179;;;;;;;;50;50;;;;;;;;;;;;;;;;;
;;;179;40180;;;;;;;;350;350;;;;;;;;;;;;;;;;;
;;;180;40181;;;;;;;;95;95;;;;;;;;;;;;;;;;;
;;;181;40182;;;;;;;;780;780;;;;;;;;;;;;;;;;;
Timing;Year;Rok;182;40183;1;;;UINT;0;99;;0;0;;;;;;;;;;;;;;;;;
Timing;Month;Miesiąc;183;40184;1;;;UINT;0;12;;0;0;;;;;;;;;;;;;;;;;
Timing;Day;Dzień;184;40185;1;;;UINT;0;31;;0;0;;;;;;;;;;;;;;;;;
Timing;Hour;Godzina;185;40186;1;;;UINT;0;23;;0;0;;;;;;;;;;;;;;;;;
Timing;Minute;Minuta;186;40187;1;;;UINT;0;59;;0;0;;;;;;;;;;;;;;;;;
Timing;Week;Dzień Tygodnia;187;40188;1;;;UINT;1;7;;4;4;;;;;;;;;;;;;;;;;
Inquiry interface;B1: Inlet temp,;Temperatura Powrotu;188;40189;1;;R;REAL;;;;333;333;;TempPowrotu;;;;;;;;;;;;;;;
Inquiry interface;B2: Outlet temp,;Temperatura Zasilania;189;40190;1;;R;REAL;;;;372;372;;TempZasilania;;;;;;;;;;;;;;;
Inquiry interface;B3:Ext temp,;Temperatura Zewnętrzna;190;40191;1;;R;REAL;;;;52;52;;TempZewnetrzna;;;;;;;;;;;;;;;
Inquiry interface;B4:Disch, gas temp,;Temperatura Sprężania;191;40192;1;;R;REAL;;;;981;981;;TempSprezania;;;;;;;;;;;;;;;
Inquiry interface;B5:Suct, gas temp,;Temperatura Ssania;192;40193;1;;R;REAL;;;;65;65;;TempSsania;;;;;;;;;;;;;;;
Inquiry interface;B6:Disch, press,;Ciśnienie Sprężania;193;40194;1;;R;REAL;;;;235;235;;CisnSprezania;;;;;;;;;;;;;;;
Inquiry interface;B7:Suct, press,;Ciśnienie Ssania;194;40195;1;;R;REAL;;;;37;37;;TempSsania;;;;;;;;;;;;;;;
Inquiry interface;B8:Hotwater temp,;Temperatuta CWU;195;40196;1;;R;REAL;;;;171;171;;HotwaterTemp;;;;;;;;;;;;;;;
Inquiry interface;B9:Coil temp,;Temperatura Parownika;196;40197;1;;R;REAL;;;;-76;-76;;CoilTemp;;;;;;;;;;;;;;;
Inquiry interface;Y1: Fan output;Y1: Wentylator Nastawa;197;40198;1;;;REAL;;;;1000;1000;;FanOutput;;;;;;;;;;;;;;;
Inquiry interface;Y3: Pump output;Y3: PWM Pompa Obiegowa;198;40199;1;;;REAL;;;;998;998;;PumpOutput;;;;;;;;;;;;;;;
Inquiry interface;DC Fan 1 Output;Wentylator 1 Sterowanie;199;40200;1;;;INT;;;;800;800;;FanOutput;;;;;;;;;;;;;;;
Inquiry interface;DC Fan 1 Feedback;Wentylator 1 Pomiar;200;40201;1;;;INT;;;;797;797;;FanFeedback;;;;;;;;;;;;;;;
Inquiry interface;DC Fan 2 Output;Wentylator 2 Sterowanie;201;40202;1;;;INT;;;;800;800;;FanOutput;;;;;;;;;;;;;;;
Inquiry interface;DC Fan 2 Feedback;Wentylator 2 Pomiar;202;40203;1;;;INT;;;;799;799;;FanFeedback;;;;;;;;;;;;;;;
Inquiry interface;Compr, capacity regul, Required cap,;Wymagana Wydajność;203;40204;1;;;REAL;;;;727;727;;CapacityRegulRequiredCap;;;;;;;;;;;;;;;
Inquiry interface;Actual cap,;Aktualna Wydajność;204;40205;1;;;REAL;;;;681;681;;Cap;;;;;;;;;;;;;;;
Inquiry interface;Acutal speed;Obroty Sprężarki;205;40206;1;;;REAL;;;;750;750;;Speed;;;;;;;;;;;;;;;
;;;206;40207;;;;;;;;-232;-232;;;;;;;;;;;;;;;;;
Inquiry interface;EEV opening;Zawór EEV;207;40208;1;;;INT;;;;279;279;;EevOpening;;;;;;;;;;;;;;;
;;;208;40209;;;;;;;;589;589;;;;;;;;;;;;;;;;;
Inquiry interface;Status;Status;209;40210;1;;;INT;;;;1;1;;;0:OK 1:Sterowanie 2:Graniczny;0:ok 1:Controlled 2:limited;;;;;;;;;;;;;
Inquiry interface;Protection;Zabezpieczenie;210;40211;1;;;INT;;;;1;1;;;0:OK 1:OK 2:Niskie przegrzanie 3:Niskie Ciśnienie 4:Wysokie Ciśnienie 5:Wysoka Temp Skraplacza;0“无 1：无 2：LowSH 3：lop 4:Mop 5:HiTcond;;;;;;;;;;;;;
Inquiry interface;Suction SH;Przegrzanie;211;40212;1;;;REAL;;;;95;95;;Sh;;;;;;;;;;;;;;;
;;;212;40213;;;;;;;;1;1;;;;;;;;;;;;;;;;;
;;;213;40214;;;;;;;;5;5;;;;;;;;;;;;;;;;;
;;;214;40215;;;;;;;;30;30;;;;;;;;;;;;;;;;;
Main interface;Work mode select;Tryb Pracy Odczyt;215;40216;1;;R;INT;;;;1;1;;ModeSelect;0：Chłodzenie 1：Ogrzewanie 2：CWU;0：制冷 1：制热 2：热水;;;;;;;;;;;;;
Main interface;Temp,;Temperatura Odczyt;216;40217;1;;R;REAL;;;0,1;330;33;;;;;;;;;;;;;;;;;
Main interface;Status;Status Odczyt;217;40218;1;FC3;R;INT;0;10;;1;1;;;"0:Przygotowanie;1:Praca;2:Stop Alarm;3:Stop Timer;4:Stop Obsługa;5:Stop Sterowanie,;6:Stop;7:Tryb Ręczny;8:Antyzamarzanie;9:Stop AC linkage;10:Zmiana Trybu;";"0:机组准备;1:机组开机;2:报警关机;3:网络关机;4:监控关机;5:紧急关机;6:按键关机;7:手动模式;8:机组防冻;9:联网开关;10:转换关机;";;;;;;;;;;;;;
Timing;Mon, ON: hour;Poniedziałek Godz,Wł,;218;40219;1;;;INT;29;23;;0;0;;OnHour;;;;;;;;;;;;;;;
Timing;Mon, ON: minute;Poniedziałek Min,Wł;219;40220;1;;;INT;28;59;;0;0;;OnMinute;;;;;;;;;;;;;;;
Timing;Tue, ON: hour;Wtorek Godz,Wł,;220;40221;1;;;INT;27;23;;0;0;;OnHour;;;;;;;;;;;;;;;
Timing;Tue, ON: minute;Wtorek Min,Wł,;221;40222;1;;;INT;26;59;;0;0;;OnMinute;;;;;;;;;;;;;;;
Timing;Wed, ON: hour;Środa Godz,Wł,;222;40223;1;;;INT;25;23;;0;0;;OnHour;;;;;;;;;;;;;;;
Timing;Wed, ON: minute;Środa Min,Wł;223;40224;1;;;INT;24;59;;0;0;;OnMinute;;;;;;;;;;;;;;;
Timing;Thu, ON: hour;Czwartek Godz,Wł,;224;40225;1;;;INT;23;23;;0;0;;OnHour;;;;;;;;;;;;;;;
Timing;Thu, ON: minute;Czwartek Min,Wł;225;40226;1;;;INT;22;59;;0;0;;OnMinute;;;;;;;;;;;;;;;
Timing;Fri, ON: hour;Piątek Godz,Wł,;226;40227;1;;;INT;21;23;;0;0;;OnHour;;;;;;;;;;;;;;;
Timing;Fri, ON: minute;Piątek Min,Wł,;227;40228;1;;;INT;20;59;;0;0;;OnMinute;;;;;;;;;;;;;;;
Timing;Sat, ON: hour;Sobota Godz,Wł,;228;40229;1;;;INT;19;23;;0;0;;OnHour;;;;;;;;;;;;;;;
Timing;Sat, ON: minute;Sobota Min,Wł;229;40230;1;;;INT;18;59;;0;0;;OnMinute;;;;;;;;;;;;;;;
Timing;Sun, ON: hour;Niedziela Godz,Wł;230;40231;1;;;INT;17;23;;0;0;;OnHour;;;;;;;;;;;;;;;
Timing;Sun, ON: minute;Niedziela Min,Wł;231;40232;1;;;INT;16;59;;0;0;;OnMinute;;;;;;;;;;;;;;;
Timing;Mon, OFF: hour;Poniedziałek Godz,Wył,;232;40233;1;;;INT;15;23;;0;0;;OffHour;;;;;;;;;;;;;;;
Timing;Mon, OFF: minute;Poniedziałek Min,Wył;233;40234;1;;;INT;14;59;;0;0;;OffMinute;;;;;;;;;;;;;;;
Timing;Tue, OFF: hour;Wtorek Godz,Wył,;234;40235;1;;;INT;13;23;;0;0;;OffHour;;;;;;;;;;;;;;;
Timing;Tue, OFF: minute;Wtorek Min,Wył,;235;40236;1;;;INT;12;59;;0;0;;OffMinute;;;;;;;;;;;;;;;
Timing;Wed, OFF: hour;Środa Godz,Wył,;236;40237;1;;;INT;11;23;;0;0;;OffHour;;;;;;;;;;;;;;;
Timing;Wed, OFF: minute;Środa Min,Wył;237;40238;1;;;INT;10;59;;0;0;;OffMinute;;;;;;;;;;;;;;;
Timing;Thu, OFF: hour;Czwartek Godz,Wył,;238;40239;1;;;INT;9;23;;0;0;;OffHour;;;;;;;;;;;;;;;
Timing;Thu, OFF: minute;Czwartek Min,Wył;239;40240;1;;;INT;8;59;;0;0;;OffMinute;;;;;;;;;;;;;;;
Timing;Fri, OFF: hour;Piątek Godz,Wył,;240;40241;1;;;INT;7;23;;0;0;;OffHour;;;;;;;;;;;;;;;
Timing;Fri, OFF: minute;Piątek Min,Wył,;241;40242;1;;;INT;6;59;;0;0;;OffMinute;;;;;;;;;;;;;;;
Timing;Sat, OFF: hour;Sobota Godz,Wył,;242;40243;1;;;INT;5;23;;0;0;;OffHour;;;;;;;;;;;;;;;
Timing;Sat, OFF: minute;Sobota Min,Wył;243;40244;1;;;INT;4;59;;0;0;;OffMinute;;;;;;;;;;;;;;;
Timing;Sun, OFF: hour;Niedziela Godz,Wył;244;40245;1;;;INT;3;23;;0;0;;OffHour;;;;;;;;;;;;;;;
Timing;Sun, OFF: minute;Niedziela Min,Wył;245;40246;1;;;INT;2;59;;0;0;;OffMinute;;;;;;;;;;;;;;;
Timing;Hour;Godz,;246;40247;1;;;INT;1;23;;0;0;;;;;;;;;;;;;;;;;
Timing;Minute;Min,;247;40248;1;;;INT;0;59;;0;0;;;;;;;;;;;;;;;;;
Timing;Cooling temp,;Temp,Chłodzenia;248;40249;1;;;REAL;-99;99;;0;0;;Temp;;;;;;;;;;;;;;;
Timing;Heating temp,;Temp,Ogrzewania;249;40250;1;;;REAL;-99;99;;0;0;;Temp;;;;;;;;;;;;;;;
Timing;Hour;Godz,;250;40251;1;;;INT;0;95;;0;0;;;;;;;;;;;;;;;;;
Timing;Minute;Min,;251;40252;1;;;INT;0;131;;0;0;;;;;;;;;;;;;;;;;
Timing;Cooling temp,;Temp,Chłodzenia;252;40253;1;;;REAL;-99;99;;0;0;;Temp;;;;;;;;;;;;;;;
Timing;Heating temp,;Temp,Ogrzewania;253;40254;1;;;REAL;-99;99;;0;0;;Temp;;;;;;;;;;;;;;;
Timing;Hour;Godz,;254;40255;1;;;INT;0;167;;0;0;;;;;;;;;;;;;;;;;
Timing;Minute;Min,;255;40256;1;;;INT;0;203;;0;0;;;;;;;;;;;;;;;;;
Timing;Cooling temp,;Temp,Chłodzenia;256;40257;1;;;REAL;-99;99;;0;0;;Temp;;;;;;;;;;;;;;;
Timing;Heating temp,;Temp,Ogrzewania;257;40258;1;;;REAL;-99;99;;0;0;;Temp;;;;;;;;;;;;;;;
Timing;Hour;Godz,;258;40259;1;;;INT;0;239;;0;0;;;;;;;;;;;;;;;;;
Timing;Minute;Min,;259;40260;1;;;INT;0;275;;0;0;;;;;;;;;;;;;;;;;
Timing;Cooling temp,;Temp,Chłodzenia;260;40261;1;;;REAL;-99;99;;0;0;;Temp;;;;;;;;;;;;;;;
Timing;Heating temp,;Temp,Ogrzewania;261;40262;1;;;REAL;-99;99;;0;0;;Temp;;;;;;;;;;;;;;;
Project paramters;Fan NightMode Comp max Speed（rps）;Max Pred Sprezarki TrybNocny;263;40264;1;;;REAL;0;;;0;0;;NightmodeCompMaxSpeedRps;;0,0~MaxSpeedRps;;;;;;;;;;;;;
Project paramters;Fan NightMode Fan max Speed（rps）;Max Pred Wentylat TrybNocny;264;40265;1;;;REAL;0;1000;;600;600;;NightmodeFanMaxSpeedRps;;0-1000,0;;;;;;;;;;;;;
Project paramters;4<AmbTemp<=9;4<Temp,Zewn,<=9 MaxObrSpr CO;265;40266;1;;;REAL;0;;;6000;6000;;Ambtemp;;0,0~MaxSpeedRps;;;;;;;;;;;;;
Project paramters;-3< AmbTemp <=4;-3<Temp,Zewn, <=4 MaxObrSpr CO;266;40267;1;;;REAL;0;;;650;650;;Ambtemp;;0,0~MaxSpeedRps;;;;;;;;;;;;;
Project paramters;-9<AmbTemp<=-3;-9<Temp,Zewn,<=-3 MaxObrSpr CO;267;40268;1;;;REAL;0;;;700;700;;Ambtemp;;0,0~MaxSpeedRps;;;;;;;;;;;;;
Project paramters;-15<AmbTemp<=-9;-15<Temp,Zewn,<=-9 MaxObrSpr CO;268;40269;1;;;REAL;0;;;780;780;;Ambtemp;;0,0~MaxSpeedRps;;;;;;;;;;;;;
Project paramters;AmbTemp<=-15;Temp,Zewn,<=-15 MaxObrSpr CO;269;40270;1;;;REAL;0;;;780;780;;15;;0,0~MaxSpeedRps;;;;;;;;;;;;;
Project paramters;9<AmbTemp;9<Temp,Zewn, MaxObrSpr CO;270;40271;1;;;REAL;0;;;600;600;;Ambtemp;;0,0~MaxSpeedRps;;;;;;;;;;;;;
Project paramters;38<AmbTemp;38<Temp,Zewn, MaxObrSpr Chł;271;40272;1;;;REAL;0;;;750;750;;Ambtemp;;0,0~MaxSpeedRps;;;;;;;;;;;;;
Project paramters;33<AmbTemp<=38;33<Temp,Zewn,<=38 MaxObrSpr Chł;272;40273;1;;;REAL;0;;;700;700;;Ambtemp;;0,0~MaxSpeedRps;;;;;;;;;;;;;
Project paramters;30<AmbTemp<=33;30<Temp,Zewn,<=33 MaxObrSpr Chł;273;40274;1;;;REAL;0;;;650;650;;Ambtemp;;0,0~MaxSpeedRps;;;;;;;;;;;;;
Project paramters;26<AmbTemp<=30;26<Temp,Zewn,<=30 MaxObrSpr Chł;274;40275;1;;;REAL;0;;;600;600;;Ambtemp;;0,0~MaxSpeedRps;;;;;;;;;;;;;
Project paramters;AmbTemp<=26;Temp,Zewn,<=26 MaxObrSpr Chł;275;40276;1;;;REAL;0;;;600;600;;26;;0,0~MaxSpeedRps;;;;;;;;;;;;;
Project paramters;Cooling mode Amb, X1;Tryb Chłodz, T Zew, X1;276;40277;1;;;REAL;-99,9;99,9;;200;200;;ModeAmbX;;;;;;;;;;;;;;;
Project paramters;Cooling mode Amb, X2;Tryb Chłodz, T Zew, X2;277;40278;1;;;REAL;-99,9;99,9;;250;250;;ModeAmbX;;;;;;;;;;;;;;;
Project paramters;Cooling mode Amb, X3;Tryb Chłodz, T Zew, X3;278;40279;1;;;REAL;-99,9;99,9;;300;300;;ModeAmbX;;;;;;;;;;;;;;;
Project paramters;Cooling mode Amb, X4;Tryb Chłodz, T Zew, X4;279;40280;1;;;REAL;-99,9;99,9;;350;350;;ModeAmbX;;;;;;;;;;;;;;;
Project paramters;Heating mode Amb, X1;Tryb Ogrzew, T Zew, X1;280;40281;1;;;REAL;-99,9;99,9;;-150;-150;;ModeAmbX;;;;;;;;;;;;;;;
Project paramters;Heating mode Amb, X2;Tryb Ogrzew, T Zew, X2;281;40282;1;;;REAL;-99,9;99,9;;-50;-50;;ModeAmbX;;;;;;;;;;;;;;;
Project paramters;Heating mode Amb, X3;Tryb Ogrzew, T Zew, X3;282;40283;1;;;REAL;-99,9;99,9;;70;70;;ModeAmbX;;;;;;;;;;;;;;;
Project paramters;Heating mode Amb, X4;Tryb Ogrzew, T Zew, X4;283;40284;1;;;REAL;-99,9;99,9;;180;180;;ModeAmbX;;;;;;;;;;;;;;;
Project paramters;H,W mode Amb, X1;Tryb CWU T Zewn, X1;284;40285;1;;;REAL;-99,9;99,9;;0;0;;WModeAmbX;;;;;;;;;;;;;;;
Project paramters;H,W mode Amb, X2;Tryb CWU T Zewn, X2;285;40286;1;;;REAL;-99,9;99,9;;100;100;;WModeAmbX;;;;;;;;;;;;;;;
Project paramters;H,W mode Amb, X3;Tryb CWU T Zewn, X3;286;40287;1;;;REAL;-99,9;99,9;;200;200;;WModeAmbX;;;;;;;;;;;;;;;
Project paramters;H,W mode Amb, X4;Tryb CWU T Zewn, X4;287;40288;1;;;REAL;-99,9;99,9;;300;300;;WModeAmbX;;;;;;;;;;;;;;;
Project paramters;Cooling mode Water Y2;Tryb Chlodz ,Woda Y2;288;40289;1;;;REAL;-99,9;99,9;;150;150;;ModeWaterY;;;;;;;;;;;;;;;
Project paramters;Cooling mode Water Y3;Tryb Chlodz ,Woda Y3;289;40290;1;;;REAL;-99,9;99,9;;120;120;;ModeWaterY;;;;;;;;;;;;;;;
Project paramters;Cooling mode Water Y4;Tryb Chlodz ,Woda Y4;290;40291;1;;;REAL;-99,9;99,9;;120;120;;ModeWaterY;;;;;;;;;;;;;;;
Project paramters;Heating mode Water Y1;Tryb Chlodz ,Woda Y1;291;40292;1;;;REAL;-99,9;99,9;;450;450;;ModeWaterY;;;;;;;;;;;;;;;
Project paramters;Heating mode Water Y2;Tryb Ogrzew ,Woda Y2;292;40293;1;;;REAL;-99,9;99,9;;450;450;;ModeWaterY;;;;;;;;;;;;;;;
Project paramters;Heating mode Water Y3;Tryb Ogrzew ,Woda Y3;293;40294;1;;;REAL;-99,9;99,9;;400;400;;ModeWaterY;;;;;;;;;;;;;;;
Project paramters;H,W mode Water Y1;Tryb CWU Woda Y1;294;40295;1;;;REAL;-99,9;99,9;;500;500;;WModeWaterY;;;;;;;;;;;;;;;
Project paramters;H,W mode Water Y2;Tryb CWU Woda Y2;295;40296;1;;;REAL;-99,9;99,9;;500;500;;WModeWaterY;;;;;;;;;;;;;;;
Project paramters;H,W mode Water Y3;Tryb CWU Woda Y3;296;40297;1;;;REAL;-99,9;99,9;;480;480;;WModeWaterY;;;;;;;;;;;;;;;
Project paramters;Amb_switch_SetP;Amb_switch_SetP;297;40298;1;;;REAL;10;30;;200;200;;SwitchSetp;;;;;;;;;;;;;;;
Project paramters;Amb_switch_Offs;Amb_switch_Offs;298;40299;1;;;REAL;0;20;;40;40;;SwitchOffs;;;;;;;;;;;;;;;
Project paramters;MIN_pump off Time;MIN_pump off Time;299;40300;1;;;INT;1;99;;3;3;;PumpOffTime;;min;;;;;;;;;;;;;
Project paramters;A/C Water Temp correct;A/C Water Temp correct;300;40301;1;;;REAL;0;99;;0;0;;CWaterTempCorrect;;;;;;;;;;;;;;;
Project paramters;Outlet water Temp correct;Outlet water Temp correct;301;40302;1;;;REAL;0;99;;10;10;;WaterTempCorrect;;;;;;;;;;;;;;;
Project paramters;Ambient Temp correct;Ambient Temp correct;302;40303;1;;;REAL;0;99;;0;0;;TempCorrect;;;;;;;;;;;;;;;
Project paramters;Outlet gas Temp correct;Outlet gas Temp correct;303;40304;1;;;REAL;0;99;;0;0;;GasTempCorrect;;;;;;;;;;;;;;;
Project paramters;Inlet gas Temp correct;Inlet gas Temp correct;304;40305;1;;;REAL;0;99;;0;0;;GasTempCorrect;;;;;;;;;;;;;;;
Project paramters;High pressure sensor;High pressure sensor;305;40306;1;;;REAL;0;99;;0;0;;PressureSensor;;;;;;;;;;;;;;;
Project paramters;Low pressure sensor;Low pressure sensor;306;40307;1;;;REAL;0;99;;20;20;;PressureSensor;;;;;;;;;;;;;;;
Project paramters;Hot water Temp correct;Hot water Temp correct;307;40308;1;;;REAL;0;99;;20;20;;WaterTempCorrect;;;;;;;;;;;;;;;
Project paramters;Air HE coil Temp correct;Air HE coil Temp correct;308;40309;1;;;REAL;0;99;;0;0;;HeCoilTempCorrect;;;;;;;;;;;;;;;
;;;309;40310;;;;;;;;0;0;;;;;;;;;;;;;;;;;
;;;310;40311;;;;;;;;40;40;;;;;;;;;;;;;;;;;
;;;311;40312;;;;;;;;50;50;;;;;;;;;;;;;;;;;
;;;312;40313;;;;;;;;60;60;;;;;;;;;;;;;;;;;
;;;313;40314;;;;;;;;60;60;;;;;;;;;;;;;;;;;
;;;314;40315;;;;;;;;70;70;;;;;;;;;;;;;;;;;
;;;315;40316;;;;;;;;80;80;;;;;;;;;;;;;;;;;
;;;316;40317;;;;;;;;20;20;;;;;;;;;;;;;;;;;
;;;317;40318;;;;;;;;30;30;;;;;;;;;;;;;;;;;
;;;318;40319;;;;;;;;40;40;;;;;;;;;;;;;;;;;
;;;319;40320;;;;;;;;3;3;;;;;;;;;;;;;;;;;
;;;320;40321;;;;;;;;0;0;;;;;;;;;;;;;;;;;
;;;321;40322;;;;;;;;2;2;;;;;;;;;;;;;;;;;
;;;322;40323;;;;;;;;10;10;;;;;;;;;;;;;;;;;
Project paramters;Enable heater;Enable heater;323;40324;1;;;INT;0;3;;3;3;;Heater;0：Disable 1：Hotwater 2：Heating 3：All;0：Disable 1：Hotwater 2：Heating 3：All;;;;;;;;;;;;;
;;;324;;;;;;;;;500;500;;;;;;;;;;;;;;;;;
Inquiry interface;Program version 1;Program version 1;325;40326;1;;R;INT;;;;1;1;;Version;;;;;;;;;;;;;;;
Inquiry interface;Program version 2;Program version 2;326;40327;1;;R;INT;;;;3;3;;Version;;;;;;;;;;;;;;;
Inquiry interface;Program version 3;Program version 3;327;40328;1;;R;INT;;;;2;2;;Version;;;;;;;;;;;;;;;
Inquiry interface;HeatPump model 1;Model 1;328;40329;1;;R;INT;;;;6211;6211;;Model;;;;;;;;;;;;;;;
Inquiry interface;HeatPump model 2;Model 2;329;40330;1;;R;INT;;;;0;0;;Model;;;;;;;;;;;;;;;
;;;330;;;;;;;;;60;60;;;;;;;;;;;;;;;;;
;;;331;;;;;;;;;60;60;;;;;;;;;;;;;;;;;
Project paramters;Insert BLDC default;Insert BLDC default;332;40333;1;;;INT;0;1;;0;0;;BldcDefault;0：No 1：yes;;;;;;;;;;;;;;
Project paramters;BLDC Mot Power W;BLDC Mot Power W;333;40334;1;;;REAL;;;;12;12;;MotPowerW;;;;;;;;;;;;;;;
Project paramters;BLDC Mot Power V;BLDC Mot Power V;334;40335;1;;;INT;;;;120;120;;MotPowerV;;;;;;;;;;;;;;;
Project paramters;BLDC Mot Power A;BLDC Mot Power A;335;40336;1;;;REAL;;;;60;60;;MotPowerA;;;;;;;;;;;;;;;
;;;336;;;;;;;;;150;150;;;;;;;;;;;;;;;;;
;;;337;;;;;;;;;350;350;;;;;;;;;;;;;;;;;
;;;338;;;;;;;;;460;460;;;;;;;;;;;;;;;;;
;;;339;;;;;;;;;-100;-100;;;;;;;;;;;;;;;;;
;;;340;;;;;;;;;450;;;;;;;;;;;;;;;;;;
;;;341;;;;;;;;;-190;;;;;;;;;;;;;;;;;;
;;;342;;;;;;;;;0;;;;;;;;;;;;;;;;;;
;;;343;;;;;;;;;450;;;;;;;;;;;;;;;;;;
;;;344;;;;;;;;;8;;;;;;;;;;;;;;;;;;
;;;345;;;;;;;;;30;;;;;;;;;;;;;;;;;;
;;;346;;;;;;;;;0;;;;;;;;;;;;;;;;;;
;;;347;;;;;;;;;0;;;;;;;;;;;;;;;;;;
;;;348;;;;;;;;;0;;;;;;;;;;;;;;;;;;
;;;349;;;;;;;;;0;;;;;;;;;;;;;;;;;;
;;;;;;;;;;;;;;;;;;;;;;;;;;;;;;
;;;;;;;;;;;;;;;;;;;;;;;;;;;;;;
;;;;;;;;;;;;;;;;;;;;;;;;;;;;;;
;;;;;;;;;;;;;;;;;;;;;;;;;;;;;;
;;;;;;;;;;;;;;;;;;;;;;;;;;;;;;
;;;;;;;;;;;;;;;;;;;;;;;;;;;;;;
;;;;;;;;;;;;;;;;;;;;;;;;;;;;;;
;;;;;;;;;;;;;;;;;;;;;;;;;;;;;;
;;;;;;;;;;;;;;;;;;;;;;;;;;;;;;
;;;;;;;;;;;;;;;;;;;;;;;;;;;;;;
;;;;;;;;;;;;;;;;;;;;;;;;;;;;;;
;;;;;;;;;;;;;;;;;;;;;;;;;;;;;;
;;;;;;;;;;;;;;;;;;;;;;;;;;;;;;
;;;;;;;;;;;;;;;;;;;;;;;;;;;;;;
;;;;;;;;;;;;;;;;;;;;;;;;;;;;;;
;;;;;;;;;;;;;;;;;;;;;;;;;;;;;;
;;;;;;;;;;;;;;;;;;;;;;;;;;;;;;
;;;;;;;;;;;;;;;;;;;;;;;;;;;;;;
;;;;;;;;;;;;;;;;;;;;;;;;;;;;;;
;;;;;;;;;;;;;;;;;;;;;;;;;;;;;;
;;;;;;;;;;;;;;;;;;;;;;;;;;;;;;
;;;;;;;;;;;;;;;;;;;;;;;;;;;;;;
;;;;;;;;;;;;;;;;;;;;;;;;;;;;;;
;;;;;;;;;;;;;;;;;;;;;;;;;;;;;;
;;;;;;;;;;;;;;;;;;;;;;;;;;;;;;
;;;;;;;;;;;;;;;;;;;;;;;;;;;;;;
;;;;;;;;;;;;;;;;;;;;;;;;;;;;;;
;;;;;;;;;;;;;;;;;;;;;;;;;;;;;;
;;;;;;;;;;;;;;;;;;;;;;;;;;;;;;
;;;;;;;;;;;;;;;;;;;;;;;;;;;;;;
;;;;;;;;;;;;;;;;;;;;;;;;;;;;;;
;;;;;;;;;;;;;;;;;;;;;;;;;;;;;;
;;;;;;;;;;;;;;;;;;;;;;;;;;;;;;
;;;;;;;;;;;;;;;;;;;;;;;;;;;;;;
;;;;;;;;;;;;;;;;;;;;;;;;;;;;;;
;;;;;;;;;;;;;;;;;;;;;;;;;;;;;;
;;;;;;;;;;;;;;;;;;;;;;;;;;;;;;
;;;;;;;;;;;;;;;;;;;;;;;;;;;;;;
;;;;;;;;;;;;;;;;;;;;;;;;;;;;;;
;;;;;;;;;;;;;;;;;;;;;;;;;;;;;;
;;;;;;;;;;;;;;;;;;;;;;;;;;;;;;
;;;;;;;;;;;;;;;;;;;;;;;;;;;;;;
;;;;;;;;;;;;;;;;;;;;;;;;;;;;;;
;;;;;;;;;;;;;;;;;;;;;;;;;;;;;;
;;;;;;;;;;;;;;;;;;;;;;;;;;;;;;
;;;;;;;;;;;;;;;;;;;;;;;;;;;;;;
;;;;;;;;;;;;;;;;;;;;;;;;;;;;;;
;;;;;;;;;;;;;;;;;;;;;;;;;;;;;;
;;;;;;;;;;;;;;;;;;;;;;;;;;;;;;
;;;;;;;;;;;;;;;;;;;;;;;;;;;;;;
;;;;;;;;;;;;;;;;;;;;;;;;;;;;;;
;;;;;;;;;;;;;;;;;;;;;;;;;;;;;;
;;;;;;;;;;;;;;;;;;;;;;;;;;;;;;
;;;;;;;;;;;;;;;;;;;;;;;;;;;;;;
;;;;;;;;;;;;;;;;;;;;;;;;;;;;;;
;;;;;;;;;;;;;;;;;;;;;;;;;;;;;;
;;;;;;;;;;;;;;;;;;;;;;;;;;;;;;
;;;;;;;;;;;;;;;;;;;;;;;;;;;;;;
;;;;;;;;;;;;;;;;;;;;;;;;;;;;;;
;;;;;;;;;;;;;;;;;;;;;;;;;;;;;;
;;;;;;;;;;;;;;;;;;;;;;;;;;;;;;
;;;;;;;;;;;;;;;;;;;;;;;;;;;;;;
;;;;;;;;;;;;;;;;;;;;;;;;;;;;;;
;;;;;;;;;;;;;;;;;;;;;;;;;;;;;;
;;;;;;;;;;;;;;;;;;;;;;;;;;;;;;
;;;;;;;;;;;;;;;;;;;;;;;;;;;;;;
;;;;;;;;;;;;;;;;;;;;;;;;;;;;;;
;;;;;;;;;;;;;;;;;;;;;;;;;;;;;;
;;;;;;;;;;;;;;;;;;;;;;;;;;;;;;
;;;;;;;;;;;;;;;;;;;;;;;;;;;;;;
;;;;;;;;;;;;;;;;;;;;;;;;;;;;;;
;;;;;;;;;;;;;;;;;;;;;;;;;;;;;;
;;;;;;;;;;;;;;;;;;;;;;;;;;;;;;
;;;;;;;;;;;;;;;;;;;;;;;;;;;;;;
;;;;;;;;;;;;;;;;;;;;;;;;;;;;;;
;;;;;;;;;;;;;;;;;;;;;;;;;;;;;;
;;;;;;;;;;;;;;;;;;;;;;;;;;;;;;
;;;;;;;;;;;;;;;;;;;;;;;;;;;;;;
;;;;;;;;;;;;;;;;;;;;;;;;;;;;;;
;;;;;;;;;;;;;;;;;;;;;;;;;;;;;;
;;;;;;;;;;;;;;;;;;;;;;;;;;;;;;
;;;;;;;;;;;;;;;;;;;;;;;;;;;;;;
;;;;;;;;;;;;;;;;;;;;;;;;;;;;;;
;;;;;;;;;;;;;;;;;;;;;;;;;;;;;;
;;;;;;;;;;;;;;;;;;;;;;;;;;;;;;
;;;;;;;;;;;;;;;;;;;;;;;;;;;;;;
;;;;;;;;;;;;;;;;;;;;;;;;;;;;;;
;;;;;;;;;;;;;;;;;;;;;;;;;;;;;;
;;;;;;;;;;;;;;;;;;;;;;;;;;;;;;
;;;;;;;;;;;;;;;;;;;;;;;;;;;;;;
;;;;;;;;;;;;;;;;;;;;;;;;;;;;;;
;;;;;;;;;;;;;;;;;;;;;;;;;;;;;;
;;;;;;;;;;;;;;;;;;;;;;;;;;;;;;
;;;;;;;;;;;;;;;;;;;;;;;;;;;;;;
;;;;;;;;;;;;;;;;;;;;;;;;;;;;;;
;;;;;;;;;;;;;;;;;;;;;;;;;;;;;;
;;;;;;;;;;;;;;;;;;;;;;;;;;;;;;
;;;;;;;;;;;;;;;;;;;;;;;;;;;;;;
;;;;;;;;;;;;;;;;;;;;;;;;;;;;;;
;;;;;;;;;;;;;;;;;;;;;;;;;;;;;;
;;;;;;;;;;;;;;;;;;;;;;;;;;;;;;
;;;;;;;;;;;;;;;;;;;;;;;;;;;;;;
;;;;;;;;;;;;;;;;;;;;;;;;;;;;;;
;;;;;;;;;;;;;;;;;;;;;;;;;;;;;;
;;;;;;;;;;;;;;;;;;;;;;;;;;;;;;
;;;;;;;;;;;;;;;;;;;;;;;;;;;;;;
;;;;;;;;;;;;;;;;;;;;;;;;;;;;;;
;;;;;;;;;;;;;;;;;;;;;;;;;;;;;;
;;;;;;;;;;;;;;;;;;;;;;;;;;;;;;
;;;;;;;;;;;;;;;;;;;;;;;;;;;;;;
;;;;;;;;;;;;;;;;;;;;;;;;;;;;;;
;;;;;;;;;;;;;;;;;;;;;;;;;;;;;;
;;;;;;;;;;;;;;;;;;;;;;;;;;;;;;
;;;;;;;;;;;;;;;;;;;;;;;;;;;;;;
;;;;;;;;;;;;;;;;;;;;;;;;;;;;;;
;;;;;;;;;;;;;;;;;;;;;;;;;;;;;;
;;;;;;;;;;;;;;;;;;;;;;;;;;;;;;
;;;;;;;;;;;;;;;;;;;;;;;;;;;;;;
;;;;;;;;;;;;;;;;;;;;;;;;;;;;;;
;;;;;;;;;;;;;;;;;;;;;;;;;;;;;;
;;;;;;;;;;;;;;;;;;;;;;;;;;;;;;
;;;;;;;;;;;;;;;;;;;;;;;;;;;;;;
;;;;;;;;;;;;;;;;;;;;;;;;;;;;;;
;;;;;;;;;;;;;;;;;;;;;;;;;;;;;;
;;;;;;;;;;;;;;;;;;;;;;;;;;;;;;
;;;;;;;;;;;;;;;;;;;;;;;;;;;;;;
;;;;;;;;;;;;;;;;;;;;;;;;;;;;;;
;;;;;;;;;;;;;;;;;;;;;;;;;;;;;;
;;;;;;;;;;;;;;;;;;;;;;;;;;;;;;
;;;;;;;;;;;;;;;;;;;;;;;;;;;;;;
;;;;;;;;;;;;;;;;;;;;;;;;;;;;;;
;;;;;;;;;;;;;;;;;;;;;;;;;;;;;;
;;;;;;;;;;;;;;;;;;;;;;;;;;;;;;
;;;;;;;;;;;;;;;;;;;;;;;;;;;;;;
;;;;;;;;;;;;;;;;;;;;;;;;;;;;;;
;;;;;;;;;;;;;;;;;;;;;;;;;;;;;;
;;;;;;;;;;;;;;;;;;;;;;;;;;;;;;
;;;;;;;;;;;;;;;;;;;;;;;;;;;;;;
;;;;;;;;;;;;;;;;;;;;;;;;;;;;;;
;;;;;;;;;;;;;;;;;;;;;;;;;;;;;;
;;;;;;;;;;;;;;;;;;;;;;;;;;;;;;
;;;;;;;;;;;;;;;;;;;;;;;;;;;;;;
;;;;;;;;;;;;;;;;;;;;;;;;;;;;;;
;;;;;;;;;;;;;;;;;;;;;;;;;;;;;;
;;;;;;;;;;;;;;;;;;;;;;;;;;;;;;
;;;;;;;;;;;;;;;;;;;;;;;;;;;;;;
;;;;;;;;;;;;;;;;;;;;;;;;;;;;;;
;;;;;;;;;;;;;;;;;;;;;;;;;;;;;;
;;;;;;;;;;;;;;;;;;;;;;;;;;;;;;
;;;;;;;;;;;;;;;;;;;;;;;;;;;;;;
;;;;;;;;;;;;;;;;;;;;;;;;;;;;;;
;;;;;;;;;;;;;;;;;;;;;;;;;;;;;;
;;;;;;;;;;;;;;;;;;;;;;;;;;;;;;
;;;;;;;;;;;;;;;;;;;;;;;;;;;;;;
;;;;;;;;;;;;;;;;;;;;;;;;;;;;;;
;;;;;;;;;;;;;;;;;;;;;;;;;;;;;;
;;;;;;;;;;;;;;;;;;;;;;;;;;;;;;
;;;;;;;;;;;;;;;;;;;;;;;;;;;;;;
;;;;;;;;;;;;;;;;;;;;;;;;;;;;;;
;;;;;;;;;;;;;;;;;;;;;;;;;;;;;;
;;;;;;;;;;;;;;;;;;;;;;;;;;;;;;
;;;;;;;;;;;;;;;;;;;;;;;;;;;;;;
;;;;;;;;;;;;;;;;;;;;;;;;;;;;;;
;;;;;;;;;;;;;;;;;;;;;;;;;;;;;;
;;;;;;;;;;;;;;;;;;;;;;;;;;;;;;
;;;;;;;;;;;;;;;;;;;;;;;;;;;;;;
;;;;;;;;;;;;;;;;;;;;;;;;;;;;;;
;;;;;;;;;;;;;;;;;;;;;;;;;;;;;;
;;;;;;;;;;;;;;;;;;;;;;;;;;;;;;
;;;;;;;;;;;;;;;;;;;;;;;;;;;;;;
;;;;;;;;;;;;;;;;;;;;;;;;;;;;;;
;;;;;;;;;;;;;;;;;;;;;;;;;;;;;;
;;;;;;;;;;;;;;;;;;;;;;;;;;;;;;
;;;;;;;;;;;;;;;;;;;;;;;;;;;;;;
;;;;;;;;;;;;;;;;;;;;;;;;;;;;;;
;;;;;;;;;;;;;;;;;;;;;;;;;;;;;;
;;;;;;;;;;;;;;;;;;;;;;;;;;;;;;
;;;;;;;;;;;;;;;;;;;;;;;;;;;;;;
;;;;;;;;;;;;;;;;;;;;;;;;;;;;;;
;;;;;;;;;;;;;;;;;;;;;;;;;;;;;;
;;;;;;;;;;;;;;;;;;;;;;;;;;;;;;
;;;;;;;;;;;;;;;;;;;;;;;;;;;;;;
;;;;;;;;;;;;;;;;;;;;;;;;;;;;;;
;;;;;;;;;;;;;;;;;;;;;;;;;;;;;;
;;;;;;;;;;;;;;;;;;;;;;;;;;;;;;
;;;;;;;;;;;;;;;;;;;;;;;;;;;;;;
;;;;;;;;;;;;;;;;;;;;;;;;;;;;;;
;;;;;;;;;;;;;;;;;;;;;;;;;;;;;;
;;;;;;;;;;;;;;;;;;;;;;;;;;;;;;
;;;;;;;;;;;;;;;;;;;;;;;;;;;;;;
;;;;;;;;;;;;;;;;;;;;;;;;;;;;;;
;;;;;;;;;;;;;;;;;;;;;;;;;;;;;;
;;;;;;;;;;;;;;;;;;;;;;;;;;;;;;
;;;;;;;;;;;;;;;;;;;;;;;;;;;;;;
;;;;;;;;;;;;;;;;;;;;;;;;;;;;;;
;;;;;;;;;;;;;;;;;;;;;;;;;;;;;;
;;;;;;;;;;;;;;;;;;;;;;;;;;;;;;
;;;;;;;;;;;;;;;;;;;;;;;;;;;;;;
;;;;;;;;;;;;;;;;;;;;;;;;;;;;;;
;;;;;;;;;;;;;;;;;;;;;;;;;;;;;;
;;;;;;;;;;;;;;;;;;;;;;;;;;;;;;
;;;;;;;;;;;;;;;;;;;;;;;;;;;;;;
;;;;;;;;;;;;;;;;;;;;;;;;;;;;;;
;;;;;;;;;;;;;;;;;;;;;;;;;;;;;;
;;;;;;;;;;;;;;;;;;;;;;;;;;;;;;
;;;;;;;;;;;;;;;;;;;;;;;;;;;;;;
;;;;;;;;;;;;;;;;;;;;;;;;;;;;;;
;;;;;;;;;;;;;;;;;;;;;;;;;;;;;;
;;;;;;;;;;;;;;;;;;;;;;;;;;;;;;
;;;;;;;;;;;;;;;;;;;;;;;;;;;;;;
;;;;;;;;;;;;;;;;;;;;;;;;;;;;;;
;;;;;;;;;;;;;;;;;;;;;;;;;;;;;;
;;;;;;;;;;;;;;;;;;;;;;;;;;;;;;
;;;;;;;;;;;;;;;;;;;;;;;;;;;;;;
;;;;;;;;;;;;;;;;;;;;;;;;;;;;;;
;;;;;;;;;;;;;;;;;;;;;;;;;;;;;;
;;;;;;;;;;;;;;;;;;;;;;;;;;;;;;
;;;;;;;;;;;;;;;;;;;;;;;;;;;;;;
;;;;;;;;;;;;;;;;;;;;;;;;;;;;;;
;;;;;;;;;;;;;;;;;;;;;;;;;;;;;;
;;;;;;;;;;;;;;;;;;;;;;;;;;;;;;
;;;;;;;;;;;;;;;;;;;;;;;;;;;;;;
;;;;;;;;;;;;;;;;;;;;;;;;;;;;;;
;;;;;;;;;;;;;;;;;;;;;;;;;;;;;;
;;;;;;;;;;;;;;;;;;;;;;;;;;;;;;
;;;;;;;;;;;;;;;;;;;;;;;;;;;;;;
;;;;;;;;;;;;;;;;;;;;;;;;;;;;;;
;;;;;;;;;;;;;;;;;;;;;;;;;;;;;;
;;;;;;;;;;;;;;;;;;;;;;;;;;;;;;
;;;;;;;;;;;;;;;;;;;;;;;;;;;;;;
;;;;;;;;;;;;;;;;;;;;;;;;;;;;;;
;;;;;;;;;;;;;;;;;;;;;;;;;;;;;;
;;;;;;;;;;;;;;;;;;;;;;;;;;;;;;
;;;;;;;;;;;;;;;;;;;;;;;;;;;;;;
;;;;;;;;;;;;;;;;;;;;;;;;;;;;;;
;;;;;;;;;;;;;;;;;;;;;;;;;;;;;;
;;;;;;;;;;;;;;;;;;;;;;;;;;;;;;
;;;;;;;;;;;;;;;;;;;;;;;;;;;;;;
;;;;;;;;;;;;;;;;;;;;;;;;;;;;;;
;;;;;;;;;;;;;;;;;;;;;;;;;;;;;;
;;;;;;;;;;;;;;;;;;;;;;;;;;;;;;
;;;;;;;;;;;;;;;;;;;;;;;;;;;;;;
;;;;;;;;;;;;;;;;;;;;;;;;;;;;;;
;;;;;;;;;;;;;;;;;;;;;;;;;;;;;;
;;;;;;;;;;;;;;;;;;;;;;;;;;;;;;
;;;;;;;;;;;;;;;;;;;;;;;;;;;;;;
;;;;;;;;;;;;;;;;;;;;;;;;;;;;;;
;;;;;;;;;;;;;;;;;;;;;;;;;;;;;;
;;;;;;;;;;;;;;;;;;;;;;;;;;;;;;
;;;;;;;;;;;;;;;;;;;;;;;;;;;;;;
;;;;;;;;;;;;;;;;;;;;;;;;;;;;;;
;;;;;;;;;;;;;;;;;;;;;;;;;;;;;;
;;;;;;;;;;;;;;;;;;;;;;;;;;;;;;
;;;;;;;;;;;;;;;;;;;;;;;;;;;;;;
;;;;;;;;;;;;;;;;;;;;;;;;;;;;;;
;;;;;;;;;;;;;;;;;;;;;;;;;;;;;;
;;;;;;;;;;;;;;;;;;;;;;;;;;;;;;
;;;;;;;;;;;;;;;;;;;;;;;;;;;;;;
;;;;;;;;;;;;;;;;;;;;;;;;;;;;;;
;;;;;;;;;;;;;;;;;;;;;;;;;;;;;;
;;;;;;;;;;;;;;;;;;;;;;;;;;;;;;
;;;;;;;;;;;;;;;;;;;;;;;;;;;;;;
;;;;;;;;;;;;;;;;;;;;;;;;;;;;;;
;;;;;;;;;;;;;;;;;;;;;;;;;;;;;;
;;;;;;;;;;;;;;;;;;;;;;;;;;;;;;
;;;;;;;;;;;;;;;;;;;;;;;;;;;;;;
;;;;;;;;;;;;;;;;;;;;;;;;;;;;;;
;;;;;;;;;;;;;;;;;;;;;;;;;;;;;;
;;;;;;;;;;;;;;;;;;;;;;;;;;;;;;
;;;;;;;;;;;;;;;;;;;;;;;;;;;;;;
;;;;;;;;;;;;;;;;;;;;;;;;;;;;;;
;;;;;;;;;;;;;;;;;;;;;;;;;;;;;;
;;;;;;;;;;;;;;;;;;;;;;;;;;;;;;
;;;;;;;;;;;;;;;;;;;;;;;;;;;;;;
;;;;;;;;;;;;;;;;;;;;;;;;;;;;;;
;;;;;;;;;;;;;;;;;;;;;;;;;;;;;;
;;;;;;;;;;;;;;;;;;;;;;;;;;;;;;
;;;;;;;;;;;;;;;;;;;;;;;;;;;;;;
;;;;;;;;;;;;;;;;;;;;;;;;;;;;;;
;;;;;;;;;;;;;;;;;;;;;;;;;;;;;;
;;;;;;;;;;;;;;;;;;;;;;;;;;;;;;
;;;;;;;;;;;;;;;;;;;;;;;;;;;;;;
;;;;;;;;;;;;;;;;;;;;;;;;;;;;;;
;;;;;;;;;;;;;;;;;;;;;;;;;;;;;;
;;;;;;;;;;;;;;;;;;;;;;;;;;;;;;
;;;;;;;;;;;;;;;;;;;;;;;;;;;;;;
;;;;;;;;;;;;;;;;;;;;;;;;;;;;;;
;;;;;;;;;;;;;;;;;;;;;;;;;;;;;;
;;;;;;;;;;;;;;;;;;;;;;;;;;;;;;
;;;;;;;;;;;;;;;;;;;;;;;;;;;;;;
;;;;;;;;;;;;;;;;;;;;;;;;;;;;;;
;;;;;;;;;;;;;;;;;;;;;;;;;;;;;;
;;;;;;;;;;;;;;;;;;;;;;;;;;;;;;
;;;;;;;;;;;;;;;;;;;;;;;;;;;;;;
;;;;;;;;;;;;;;;;;;;;;;;;;;;;;;
;;;;;;;;;;;;;;;;;;;;;;;;;;;;;;
;;;;;;;;;;;;;;;;;;;;;;;;;;;;;;
;;;;;;;;;;;;;;;;;;;;;;;;;;;;;;
;;;;;;;;;;;;;;;;;;;;;;;;;;;;;;
;;;;;;;;;;;;;;;;;;;;;;;;;;;;;;
;;;;;;;;;;;;;;;;;;;;;;;;;;;;;;
;;;;;;;;;;;;;;;;;;;;;;;;;;;;;;
;;;;;;;;;;;;;;;;;;;;;;;;;;;;;;
;;;;;;;;;;;;;;;;;;;;;;;;;;;;;;
;;;;;;;;;;;;;;;;;;;;;;;;;;;;;;
;;;;;;;;;;;;;;;;;;;;;;;;;;;;;;
;;;;;;;;;;;;;;;;;;;;;;;;;;;;;;
;;;;;;;;;;;;;;;;;;;;;;;;;;;;;;
;;;;;;;;;;;;;;;;;;;;;;;;;;;;;;
;;;;;;;;;;;;;;;;;;;;;;;;;;;;;;
;;;;;;;;;;;;;;;;;;;;;;;;;;;;;;
;;;;;;;;;;;;;;;;;;;;;;;;;;;;;;
;;;;;;;;;;;;;;;;;;;;;;;;;;;;;;
;;;;;;;;;;;;;;;;;;;;;;;;;;;;;;
;;;;;;;;;;;;;;;;;;;;;;;;;;;;;;
;;;;;;;;;;;;;;;;;;;;;;;;;;;;;;
;;;;;;;;;;;;;;;;;;;;;;;;;;;;;;
;;;;;;;;;;;;;;;;;;;;;;;;;;;;;;
;;;;;;;;;;;;;;;;;;;;;;;;;;;;;;
;;;;;;;;;;;;;;;;;;;;;;;;;;;;;;
;;;;;;;;;;;;;;;;;;;;;;;;;;;;;;
;;;;;;;;;;;;;;;;;;;;;;;;;;;;;;
;;;;;;;;;;;;;;;;;;;;;;;;;;;;;;
;;;;;;;;;;;;;;;;;;;;;;;;;;;;;;
;;;;;;;;;;;;;;;;;;;;;;;;;;;;;;
;;;;;;;;;;;;;;;;;;;;;;;;;;;;;;
;;;;;;;;;;;;;;;;;;;;;;;;;;;;;;
;;;;;;;;;;;;;;;;;;;;;;;;;;;;;;
;;;;;;;;;;;;;;;;;;;;;;;;;;;;;;
;;;;;;;;;;;;;;;;;;;;;;;;;;;;;;
;;;;;;;;;;;;;;;;;;;;;;;;;;;;;;
;;;;;;;;;;;;;;;;;;;;;;;;;;;;;;
;;;;;;;;;;;;;;;;;;;;;;;;;;;;;;
;;;;;;;;;;;;;;;;;;;;;;;;;;;;;;
;;;;;;;;;;;;;;;;;;;;;;;;;;;;;;
;;;;;;;;;;;;;;;;;;;;;;;;;;;;;;
;;;;;;;;;;;;;;;;;;;;;;;;;;;;;;
;;;;;;;;;;;;;;;;;;;;;;;;;;;;;;
;;;;;;;;;;;;;;;;;;;;;;;;;;;;;;
;;;;;;;;;;;;;;;;;;;;;;;;;;;;;;
;;;;;;;;;;;;;;;;;;;;;;;;;;;;;;
;;;;;;;;;;;;;;;;;;;;;;;;;;;;;;
;;;;;;;;;;;;;;;;;;;;;;;;;;;;;;
;;;;;;;;;;;;;;;;;;;;;;;;;;;;;;
;;;;;;;;;;;;;;;;;;;;;;;;;;;;;;
;;;;;;;;;;;;;;;;;;;;;;;;;;;;;;
;;;;;;;;;;;;;;;;;;;;;;;;;;;;;;
;;;;;;;;;;;;;;;;;;;;;;;;;;;;;;
;;;;;;;;;;;;;;;;;;;;;;;;;;;;;;
;;;;;;;;;;;;;;;;;;;;;;;;;;;;;;
;;;;;;;;;;;;;;;;;;;;;;;;;;;;;;
;;;;;;;;;;;;;;;;;;;;;;;;;;;;;;
;;;;;;;;;;;;;;;;;;;;;;;;;;;;;;
;;;;;;;;;;;;;;;;;;;;;;;;;;;;;;
;;;;;;;;;;;;;;;;;;;;;;;;;;;;;;
;;;;;;;;;;;;;;;;;;;;;;;;;;;;;;
;;;;;;;;;;;;;;;;;;;;;;;;;;;;;;
;;;;;;;;;;;;;;;;;;;;;;;;;;;;;;
;;;;;;;;;;;;;;;;;;;;;;;;;;;;;;
;;;;;;;;;;;;;;;;;;;;;;;;;;;;;;
;;;;;;;;;;;;;;;;;;;;;;;;;;;;;;
;;;;;;;;;;;;;;;;;;;;;;;;;;;;;;
;;;;;;;;;;;;;;;;;;;;;;;;;;;;;;
;;;;;;;;;;;;;;;;;;;;;;;;;;;;;;
;;;;;;;;;;;;;;;;;;;;;;;;;;;;;;
;;;;;;;;;;;;;;;;;;;;;;;;;;;;;;
;;;;;;;;;;;;;;;;;;;;;;;;;;;;;;
;;;;;;;;;;;;;;;;;;;;;;;;;;;;;;
;;;;;;;;;;;;;;;;;;;;;;;;;;;;;;
;;;;;;;;;;;;;;;;;;;;;;;;;;;;;;
;;;;;;;;;;;;;;;;;;;;;;;;;;;;;;
;;;;;;;;;;;;;;;;;;;;;;;;;;;;;;
;;;;;;;;;;;;;;;;;;;;;;;;;;;;;;
;;;;;;;;;;;;;;;;;;;;;;;;;;;;;;
;;;;;;;;;;;;;;;;;;;;;;;;;;;;;;
;;;;;;;;;;;;;;;;;;;;;;;;;;;;;;
;;;;;;;;;;;;;;;;;;;;;;;;;;;;;;
;;;;;;;;;;;;;;;;;;;;;;;;;;;;;;
;;;;;;;;;;;;;;;;;;;;;;;;;;;;;;
;;;;;;;;;;;;;;;;;;;;;;;;;;;;;;
;;;;;;;;;;;;;;;;;;;;;;;;;;;;;;
;;;;;;;;;;;;;;;;;;;;;;;;;;;;;;
;;;;;;;;;;;;;;;;;;;;;;;;;;;;;;
;;;;;;;;;;;;;;;;;;;;;;;;;;;;;;
;;;;;;;;;;;;;;;;;;;;;;;;;;;;;;
;;;;;;;;;;;;;;;;;;;;;;;;;;;;;;
;;;;;;;;;;;;;;;;;;;;;;;;;;;;;;
;;;;;;;;;;;;;;;;;;;;;;;;;;;;;;
;;;;;;;;;;;;;;;;;;;;;;;;;;;;;;
;;;;;;;;;;;;;;;;;;;;;;;;;;;;;;
;;;;;;;;;;;;;;;;;;;;;;;;;;;;;;
;;;;;;;;;;;;;;;;;;;;;;;;;;;;;;
;;;;;;;;;;;;;;;;;;;;;;;;;;;;;;
;;;;;;;;;;;;;;;;;;;;;;;;;;;;;;
;;;;;;;;;;;;;;;;;;;;;;;;;;;;;;
;;;;;;;;;;;;;;;;;;;;;;;;;;;;;;
;;;;;;;;;;;;;;;;;;;;;;;;;;;;;;
;;;;;;;;;;;;;;;;;;;;;;;;;;;;;;
;;;;;;;;;;;;;;;;;;;;;;;;;;;;;;
;;;;;;;;;;;;;;;;;;;;;;;;;;;;;;
;;;;;;;;;;;;;;;;;;;;;;;;;;;;;;
;;;;;;;;;;;;;;;;;;;;;;;;;;;;;;
;;;;;;;;;;;;;;;;;;;;;;;;;;;;;;
;;;;;;;;;;;;;;;;;;;;;;;;;;;;;;
;;;;;;;;;;;;;;;;;;;;;;;;;;;;;;
;;;;;;;;;;;;;;;;;;;;;;;;;;;;;;
;;;;;;;;;;;;;;;;;;;;;;;;;;;;;;
;;;;;;;;;;;;;;;;;;;;;;;;;;;;;;
;;;;;;;;;;;;;;;;;;;;;;;;;;;;;;
;;;;;;;;;;;;;;;;;;;;;;;;;;;;;;
;;;;;;;;;;;;;;;;;;;;;;;;;;;;;;
;;;;;;;;;;;;;;;;;;;;;;;;;;;;;;
;;;;;;;;;;;;;;;;;;;;;;;;;;;;;;
;;;;;;;;;;;;;;;;;;;;;;;;;;;;;;
;;;;;;;;;;;;;;;;;;;;;;;;;;;;;;
;;;;;;;;;;;;;;;;;;;;;;;;;;;;;;
;;;;;;;;;;;;;;;;;;;;;;;;;;;;;;
;;;;;;;;;;;;;;;;;;;;;;;;;;;;;;
;;;;;;;;;;;;;;;;;;;;;;;;;;;;;;
;;;;;;;;;;;;;;;;;;;;;;;;;;;;;;
;;;;;;;;;;;;;;;;;;;;;;;;;;;;;;
;;;;;;;;;;;;;;;;;;;;;;;;;;;;;;
;;;;;;;;;;;;;;;;;;;;;;;;;;;;;;
;;;;;;;;;;;;;;;;;;;;;;;;;;;;;;
;;;;;;;;;;;;;;;;;;;;;;;;;;;;;;
;;;;;;;;;;;;;;;;;;;;;;;;;;;;;;
;;;;;;;;;;;;;;;;;;;;;;;;;;;;;;
;;;;;;;;;;;;;;;;;;;;;;;;;;;;;;
;;;;;;;;;;;;;;;;;;;;;;;;;;;;;;
;;;;;;;;;;;;;;;;;;;;;;;;;;;;;;
;;;;;;;;;;;;;;;;;;;;;;;;;;;;;;
;;;;;;;;;;;;;;;;;;;;;;;;;;;;;;
;;;;;;;;;;;;;;;;;;;;;;;;;;;;;;
;;;;;;;;;;;;;;;;;;;;;;;;;;;;;;
;;;;;;;;;;;;;;;;;;;;;;;;;;;;;;
;;;;;;;;;;;;;;;;;;;;;;;;;;;;;;
;;;;;;;;;;;;;;;;;;;;;;;;;;;;;;
;;;;;;;;;;;;;;;;;;;;;;;;;;;;;;
;;;;;;;;;;;;;;;;;;;;;;;;;;;;;;
;;;;;;;;;;;;;;;;;;;;;;;;;;;;;;
;;;;;;;;;;;;;;;;;;;;;;;;;;;;;;
;;;;;;;;;;;;;;;;;;;;;;;;;;;;;;
;;;;;;;;;;;;;;;;;;;;;;;;;;;;;;
;;;;;;;;;;;;;;;;;;;;;;;;;;;;;;
;;;;;;;;;;;;;;;;;;;;;;;;;;;;;;
;;;;;;;;;;;;;;;;;;;;;;;;;;;;;;
;;;;;;;;;;;;;;;;;;;;;;;;;;;;;;
;;;;;;;;;;;;;;;;;;;;;;;;;;;;;;
;;;;;;;;;;;;;;;;;;;;;;;;;;;;;;
;;;;;;;;;;;;;;;;;;;;;;;;;;;;;;
;;;;;;;;;;;;;;;;;;;;;;;;;;;;;;
;;;;;;;;;;;;;;;;;;;;;;;;;;;;;;
;;;;;;;;;;;;;;;;;;;;;;;;;;;;;;
;;;;;;;;;;;;;;;;;;;;;;;;;;;;;;
;;;;;;;;;;;;;;;;;;;;;;;;;;;;;;
;;;;;;;;;;;;;;;;;;;;;;;;;;;;;;
;;;;;;;;;;;;;;;;;;;;;;;;;;;;;;
;;;;;;;;;;;;;;;;;;;;;;;;;;;;;;
;;;;;;;;;;;;;;;;;;;;;;;;;;;;;;
;;;;;;;;;;;;;;;;;;;;;;;;;;;;;;
;;;;;;;;;;;;;;;;;;;;;;;;;;;;;;
;;;;;;;;;;;;;;;;;;;;;;;;;;;;;;
;;;;;;;;;;;;;;;;;;;;;;;;;;;;;;
;;;;;;;;;;;;;;;;;;;;;;;;;;;;;;
;;;;;;;;;;;;;;;;;;;;;;;;;;;;;;
;;;;;;;;;;;;;;;;;;;;;;;;;;;;;;
;;;;;;;;;;;;;;;;;;;;;;;;;;;;;;
;;;;;;;;;;;;;;;;;;;;;;;;;;;;;;
;;;;;;;;;;;;;;;;;;;;;;;;;;;;;;
;;;;;;;;;;;;;;;;;;;;;;;;;;;;;;
;;;;;;;;;;;;;;;;;;;;;;;;;;;;;;
;;;;;;;;;;;;;;;;;;;;;;;;;;;;;;
;;;;;;;;;;;;;;;;;;;;;;;;;;;;;;
;;;;;;;;;;;;;;;;;;;;;;;;;;;;;;
;;;;;;;;;;;;;;;;;;;;;;;;;;;;;;
;;;;;;;;;;;;;;;;;;;;;;;;;;;;;;
;;;;;;;;;;;;;;;;;;;;;;;;;;;;;;
;;;;;;;;;;;;;;;;;;;;;;;;;;;;;;
;;;;;;;;;;;;;;;;;;;;;;;;;;;;;;
;;;;;;;;;;;;;;;;;;;;;;;;;;;;;;
;;;;;;;;;;;;;;;;;;;;;;;;;;;;;;
;;;;;;;;;;;;;;;;;;;;;;;;;;;;;;
;;;;;;;;;;;;;;;;;;;;;;;;;;;;;;
;;;;;;;;;;;;;;;;;;;;;;;;;;;;;;
;;;;;;;;;;;;;;;;;;;;;;;;;;;;;;
;;;;;;;;;;;;;;;;;;;;;;;;;;;;;;
;;;;;;;;;;;;;;;;;;;;;;;;;;;;;;
;;;;;;;;;;;;;;;;;;;;;;;;;;;;;;
;;;;;;;;;;;;;;;;;;;;;;;;;;;;;;
;;;;;;;;;;;;;;;;;;;;;;;;;;;;;;
;;;;;;;;;;;;;;;;;;;;;;;;;;;;;;
;;;;;;;;;;;;;;;;;;;;;;;;;;;;;;
;;;;;;;;;;;;;;;;;;;;;;;;;;;;;;
;;;;;;;;;;;;;;;;;;;;;;;;;;;;;;
;;;;;;;;;;;;;;;;;;;;;;;;;;;;;;
;;;;;;;;;;;;;;;;;;;;;;;;;;;;;;
;;;;;;;;;;;;;;;;;;;;;;;;;;;;;;
;;;;;;;;;;;;;;;;;;;;;;;;;;;;;;
;;;;;;;;;;;;;;;;;;;;;;;;;;;;;;
;;;;;;;;;;;;;;;;;;;;;;;;;;;;;;
;;;;;;;;;;;;;;;;;;;;;;;;;;;;;;
;;;;;;;;;;;;;;;;;;;;;;;;;;;;;;
;;;;;;;;;;;;;;;;;;;;;;;;;;;;;;
;;;;;;;;;;;;;;;;;;;;;;;;;;;;;;
;;;;;;;;;;;;;;;;;;;;;;;;;;;;;;
;;;;;;;;;;;;;;;;;;;;;;;;;;;;;;
;;;;;;;;;;;;;;;;;;;;;;;;;;;;;;
;;;;;;;;;;;;;;;;;;;;;;;;;;;;;;
;;;;;;;;;;;;;;;;;;;;;;;;;;;;;;
;;;;;;;;;;;;;;;;;;;;;;;;;;;;;;
;;;;;;;;;;;;;;;;;;;;;;;;;;;;;;
;;;;;;;;;;;;;;;;;;;;;;;;;;;;;;
;;;;;;;;;;;;;;;;;;;;;;;;;;;;;;
;;;;;;;;;;;;;;;;;;;;;;;;;;;;;;
;;;;;;;;;;;;;;;;;;;;;;;;;;;;;;
;;;;;;;;;;;;;;;;;;;;;;;;;;;;;;
;;;;;;;;;;;;;;;;;;;;;;;;;;;;;;
;;;;;;;;;;;;;;;;;;;;;;;;;;;;;;
;;;;;;;;;;;;;;;;;;;;;;;;;;;;;;
;;;;;;;;;;;;;;;;;;;;;;;;;;;;;;
;;;;;;;;;;;;;;;;;;;;;;;;;;;;;;
;;;;;;;;;;;;;;;;;;;;;;;;;;;;;;
;;;;;;;;;;;;;;;;;;;;;;;;;;;;;;
;;;;;;;;;;;;;;;;;;;;;;;;;;;;;;
;;;;;;;;;;;;;;;;;;;;;;;;;;;;;;
;;;;;;;;;;;;;;;;;;;;;;;;;;;;;;
;;;;;;;;;;;;;;;;;;;;;;;;;;;;;;
;;;;;;;;;;;;;;;;;;;;;;;;;;;;;;
;;;;;;;;;;;;;;;;;;;;;;;;;;;;;;
;;;;;;;;;;;;;;;;;;;;;;;;;;;;;;
;;;;;;;;;;;;;;;;;;;;;;;;;;;;;;
;;;;;;;;;;;;;;;;;;;;;;;;;;;;;;
;;;;;;;;;;;;;;;;;;;;;;;;;;;;;;
;;;;;;;;;;;;;;;;;;;;;;;;;;;;;;
;;;;;;;;;;;;;;;;;;;;;;;;;;;;;;
;;;;;;;;;;;;;;;;;;;;;;;;;;;;;;
;;;;;;;;;;;;;;;;;;;;;;;;;;;;;;
;;;;;;;;;;;;;;;;;;;;;;;;;;;;;;
;;;;;;;;;;;;;;;;;;;;;;;;;;;;;;
;;;;;;;;;;;;;;;;;;;;;;;;;;;;;;
;;;;;;;;;;;;;;;;;;;;;;;;;;;;;;
;;;;;;;;;;;;;;;;;;;;;;;;;;;;;;
;;;;;;;;;;;;;;;;;;;;;;;;;;;;;;
;;;;;;;;;;;;;;;;;;;;;;;;;;;;;;
;;;;;;;;;;;;;;;;;;;;;;;;;;;;;;
;;;;;;;;;;;;;;;;;;;;;;;;;;;;;;
;;;;;;;;;;;;;;;;;;;;;;;;;;;;;;
;;;;;;;;;;;;;;;;;;;;;;;;;;;;;;
;;;;;;;;;;;;;;;;;;;;;;;;;;;;;;
;;;;;;;;;;;;;;;;;;;;;;;;;;;;;;
;;;;;;;;;;;;;;;;;;;;;;;;;;;;;;
;;;;;;;;;;;;;;;;;;;;;;;;;;;;;;
;;;;;;;;;;;;;;;;;;;;;;;;;;;;;;
;;;;;;;;;;;;;;;;;;;;;;;;;;;;;;
;;;;;;;;;;;;;;;;;;;;;;;;;;;;;;
;;;;;;;;;;;;;;;;;;;;;;;;;;;;;;
;;;;;;;;;;;;;;;;;;;;;;;;;;;;;;
;;;;;;;;;;;;;;;;;;;;;;;;;;;;;;
;;;;;;;;;;;;;;;;;;;;;;;;;;;;;;
;;;;;;;;;;;;;;;;;;;;;;;;;;;;;;
;;;;;;;;;;;;;;;;;;;;;;;;;;;;;;
;;;;;;;;;;;;;;;;;;;;;;;;;;;;;;
;;;;;;;;;;;;;;;;;;;;;;;;;;;;;;
;;;;;;;;;;;;;;;;;;;;;;;;;;;;;;
;;;;;;;;;;;;;;;;;;;;;;;;;;;;;;
;;;;;;;;;;;;;;;;;;;;;;;;;;;;;;
;;;;;;;;;;;;;;;;;;;;;;;;;;;;;;
;;;;;;;;;;;;;;;;;;;;;;;;;;;;;;
;;;;;;;;;;;;;;;;;;;;;;;;;;;;;;
;;;;;;;;;;;;;;;;;;;;;;;;;;;;;;
;;;;;;;;;;;;;;;;;;;;;;;;;;;;;;
;;;;;;;;;;;;;;;;;;;;;;;;;;;;;;
;;;;;;;;;;;;;;;;;;;;;;;;;;;;;;
;;;;;;;;;;;;;;;;;;;;;;;;;;;;;;
;;;;;;;;;;;;;;;;;;;;;;;;;;;;;;
;;;;;;;;;;;;;;;;;;;;;;;;;;;;;;
;;;;;;;;;;;;;;;;;;;;;;;;;;;;;;
;;;;;;;;;;;;;;;;;;;;;;;;;;;;;;
;;;;;;;;;;;;;;;;;;;;;;;;;;;;;;
;;;;;;;;;;;;;;;;;;;;;;;;;;;;;;
;;;;;;;;;;;;;;;;;;;;;;;;;;;;;;
;;;;;;;;;;;;;;;;;;;;;;;;;;;;;;
;;;;;;;;;;;;;;;;;;;;;;;;;;;;;;
;;;;;;;;;;;;;;;;;;;;;;;;;;;;;;
;;;;;;;;;;;;;;;;;;;;;;;;;;;;;;
;;;;;;;;;;;;;;;;;;;;;;;;;;;;;;
;;;;;;;;;;;;;;;;;;;;;;;;;;;;;;
;;;;;;;;;;;;;;;;;;;;;;;;;;;;;;
;;;;;;;;;;;;;;;;;;;;;;;;;;;;;;
;;;;;;;;;;;;;;;;;;;;;;;;;;;;;;
;;;;;;;;;;;;;;;;;;;;;;;;;;;;;;
;;;;;;;;;;;;;;;;;;;;;;;;;;;;;;
;;;;;;;;;;;;;;;;;;;;;;;;;;;;;;
;;;;;;;;;;;;;;;;;;;;;;;;;;;;;;
;;;;;;;;;;;;;;;;;;;;;;;;;;;;;;
;;;;;;;;;;;;;;;;;;;;;;;;;;;;;;
;;;;;;;;;;;;;;;;;;;;;;;;;;;;;;
;;;;;;;;;;;;;;;;;;;;;;;;;;;;;;
;;;;;;;;;;;;;;;;;;;;;;;;;;;;;;
;;;;;;;;;;;;;;;;;;;;;;;;;;;;;;
;;;;;;;;;;;;;;;;;;;;;;;;;;;;;;
;;;;;;;;;;;;;;;;;;;;;;;;;;;;;;
;;;;;;;;;;;;;;;;;;;;;;;;;;;;;;
;;;;;;;;;;;;;;;;;;;;;;;;;;;;;;
;;;;;;;;;;;;;;;;;;;;;;;;;;;;;;
;;;;;;;;;;;;;;;;;;;;;;;;;;;;;;
;;;;;;;;;;;;;;;;;;;;;;;;;;;;;;
;;;;;;;;;;;;;;;;;;;;;;;;;;;;;;
;;;;;;;;;;;;;;;;;;;;;;;;;;;;;;
;;;;;;;;;;;;;;;;;;;;;;;;;;;;;;
